"Date","Year","Month","Day","Tmin","Tmax","Tmean","Prec"
2001-01-01 12:00:00,2001,1,1,NA,NA,NA,NA
2001-01-02 12:00:00,2001,1,2,NA,NA,NA,NA
2001-01-03 12:00:00,2001,1,3,NA,NA,NA,NA
2001-01-04 12:00:00,2001,1,4,NA,NA,NA,NA
2001-01-05 12:00:00,2001,1,5,NA,NA,NA,NA
2001-01-06 12:00:00,2001,1,6,NA,NA,NA,NA
2001-01-07 12:00:00,2001,1,7,NA,NA,NA,NA
2001-01-08 12:00:00,2001,1,8,NA,NA,NA,NA
2001-01-09 12:00:00,2001,1,9,NA,NA,NA,NA
2001-01-10 12:00:00,2001,1,10,NA,NA,NA,NA
2001-01-11 12:00:00,2001,1,11,NA,NA,NA,NA
2001-01-12 12:00:00,2001,1,12,NA,NA,NA,NA
2001-01-13 12:00:00,2001,1,13,NA,NA,NA,NA
2001-01-14 12:00:00,2001,1,14,NA,NA,NA,NA
2001-01-15 12:00:00,2001,1,15,NA,NA,NA,NA
2001-01-16 12:00:00,2001,1,16,NA,NA,NA,NA
2001-01-17 12:00:00,2001,1,17,NA,NA,NA,NA
2001-01-18 12:00:00,2001,1,18,NA,NA,NA,NA
2001-01-19 12:00:00,2001,1,19,NA,NA,NA,NA
2001-01-20 12:00:00,2001,1,20,NA,NA,NA,NA
2001-01-21 12:00:00,2001,1,21,NA,NA,NA,NA
2001-01-22 12:00:00,2001,1,22,NA,NA,NA,NA
2001-01-23 12:00:00,2001,1,23,NA,NA,NA,NA
2001-01-24 12:00:00,2001,1,24,NA,NA,NA,NA
2001-01-25 12:00:00,2001,1,25,NA,NA,NA,NA
2001-01-26 12:00:00,2001,1,26,NA,NA,NA,NA
2001-01-27 12:00:00,2001,1,27,NA,NA,NA,NA
2001-01-28 12:00:00,2001,1,28,NA,NA,NA,NA
2001-01-29 12:00:00,2001,1,29,NA,NA,NA,NA
2001-01-30 12:00:00,2001,1,30,NA,NA,NA,NA
2001-01-31 12:00:00,2001,1,31,NA,NA,NA,NA
2001-02-01 12:00:00,2001,2,1,NA,NA,NA,NA
2001-02-02 12:00:00,2001,2,2,NA,NA,NA,NA
2001-02-03 12:00:00,2001,2,3,NA,NA,NA,NA
2001-02-04 12:00:00,2001,2,4,NA,NA,NA,NA
2001-02-05 12:00:00,2001,2,5,NA,NA,NA,NA
2001-02-06 12:00:00,2001,2,6,NA,NA,NA,NA
2001-02-07 12:00:00,2001,2,7,NA,NA,NA,NA
2001-02-08 12:00:00,2001,2,8,NA,NA,NA,NA
2001-02-09 12:00:00,2001,2,9,NA,NA,NA,NA
2001-02-10 12:00:00,2001,2,10,NA,NA,NA,NA
2001-02-11 12:00:00,2001,2,11,NA,NA,NA,NA
2001-02-12 12:00:00,2001,2,12,NA,NA,NA,NA
2001-02-13 12:00:00,2001,2,13,NA,NA,NA,NA
2001-02-14 12:00:00,2001,2,14,NA,NA,NA,NA
2001-02-15 12:00:00,2001,2,15,NA,NA,NA,NA
2001-02-16 12:00:00,2001,2,16,NA,NA,NA,NA
2001-02-17 12:00:00,2001,2,17,NA,NA,NA,NA
2001-02-18 12:00:00,2001,2,18,NA,NA,NA,NA
2001-02-19 12:00:00,2001,2,19,NA,NA,NA,NA
2001-02-20 12:00:00,2001,2,20,NA,NA,NA,NA
2001-02-21 12:00:00,2001,2,21,NA,NA,NA,NA
2001-02-22 12:00:00,2001,2,22,NA,NA,NA,NA
2001-02-23 12:00:00,2001,2,23,NA,NA,NA,NA
2001-02-24 12:00:00,2001,2,24,NA,NA,NA,NA
2001-02-25 12:00:00,2001,2,25,NA,NA,NA,NA
2001-02-26 12:00:00,2001,2,26,NA,NA,NA,NA
2001-02-27 12:00:00,2001,2,27,NA,NA,NA,NA
2001-02-28 12:00:00,2001,2,28,NA,NA,NA,NA
2001-03-01 12:00:00,2001,3,1,NA,NA,NA,NA
2001-03-02 12:00:00,2001,3,2,NA,NA,NA,NA
2001-03-03 12:00:00,2001,3,3,NA,NA,NA,NA
2001-03-04 12:00:00,2001,3,4,NA,NA,NA,NA
2001-03-05 12:00:00,2001,3,5,NA,NA,NA,NA
2001-03-06 12:00:00,2001,3,6,NA,NA,NA,NA
2001-03-07 12:00:00,2001,3,7,NA,NA,NA,NA
2001-03-08 12:00:00,2001,3,8,NA,NA,NA,NA
2001-03-09 12:00:00,2001,3,9,NA,NA,NA,NA
2001-03-10 12:00:00,2001,3,10,NA,NA,NA,NA
2001-03-11 12:00:00,2001,3,11,NA,NA,NA,NA
2001-03-12 12:00:00,2001,3,12,NA,NA,NA,NA
2001-03-13 12:00:00,2001,3,13,NA,NA,NA,NA
2001-03-14 12:00:00,2001,3,14,NA,NA,NA,NA
2001-03-15 12:00:00,2001,3,15,NA,NA,NA,NA
2001-03-16 12:00:00,2001,3,16,NA,NA,NA,NA
2001-03-17 12:00:00,2001,3,17,NA,NA,NA,NA
2001-03-18 12:00:00,2001,3,18,NA,NA,NA,NA
2001-03-19 12:00:00,2001,3,19,NA,NA,NA,NA
2001-03-20 12:00:00,2001,3,20,NA,NA,NA,NA
2001-03-21 12:00:00,2001,3,21,NA,NA,NA,NA
2001-03-22 12:00:00,2001,3,22,NA,NA,NA,NA
2001-03-23 12:00:00,2001,3,23,NA,NA,NA,NA
2001-03-24 12:00:00,2001,3,24,NA,NA,NA,NA
2001-03-25 12:00:00,2001,3,25,NA,NA,NA,NA
2001-03-26 12:00:00,2001,3,26,NA,NA,NA,NA
2001-03-27 12:00:00,2001,3,27,NA,NA,NA,NA
2001-03-28 12:00:00,2001,3,28,NA,NA,NA,NA
2001-03-29 12:00:00,2001,3,29,NA,NA,NA,NA
2001-03-30 12:00:00,2001,3,30,NA,NA,NA,NA
2001-03-31 12:00:00,2001,3,31,NA,NA,NA,NA
2001-04-01 12:00:00,2001,4,1,NA,NA,NA,NA
2001-04-02 12:00:00,2001,4,2,NA,NA,NA,NA
2001-04-03 12:00:00,2001,4,3,NA,NA,NA,NA
2001-04-04 12:00:00,2001,4,4,NA,NA,NA,NA
2001-04-05 12:00:00,2001,4,5,NA,NA,NA,NA
2001-04-06 12:00:00,2001,4,6,NA,NA,NA,NA
2001-04-07 12:00:00,2001,4,7,NA,NA,NA,NA
2001-04-08 12:00:00,2001,4,8,NA,NA,NA,NA
2001-04-09 12:00:00,2001,4,9,NA,NA,NA,NA
2001-04-10 12:00:00,2001,4,10,NA,NA,NA,NA
2001-04-11 12:00:00,2001,4,11,NA,NA,NA,NA
2001-04-12 12:00:00,2001,4,12,NA,NA,NA,NA
2001-04-13 12:00:00,2001,4,13,NA,NA,NA,NA
2001-04-14 12:00:00,2001,4,14,NA,NA,NA,NA
2001-04-15 12:00:00,2001,4,15,NA,NA,NA,NA
2001-04-16 12:00:00,2001,4,16,NA,NA,NA,NA
2001-04-17 12:00:00,2001,4,17,NA,NA,NA,NA
2001-04-18 12:00:00,2001,4,18,NA,NA,NA,NA
2001-04-19 12:00:00,2001,4,19,NA,NA,NA,NA
2001-04-20 12:00:00,2001,4,20,NA,NA,NA,NA
2001-04-21 12:00:00,2001,4,21,NA,NA,NA,NA
2001-04-22 12:00:00,2001,4,22,NA,NA,NA,NA
2001-04-23 12:00:00,2001,4,23,NA,NA,NA,NA
2001-04-24 12:00:00,2001,4,24,NA,NA,NA,NA
2001-04-25 12:00:00,2001,4,25,NA,NA,NA,NA
2001-04-26 12:00:00,2001,4,26,NA,NA,NA,NA
2001-04-27 12:00:00,2001,4,27,NA,NA,NA,NA
2001-04-28 12:00:00,2001,4,28,NA,NA,NA,NA
2001-04-29 12:00:00,2001,4,29,NA,NA,NA,NA
2001-04-30 12:00:00,2001,4,30,NA,NA,NA,NA
2001-05-01 12:00:00,2001,5,1,NA,NA,NA,NA
2001-05-02 12:00:00,2001,5,2,NA,NA,NA,NA
2001-05-03 12:00:00,2001,5,3,NA,NA,NA,NA
2001-05-04 12:00:00,2001,5,4,NA,NA,NA,NA
2001-05-05 12:00:00,2001,5,5,NA,NA,NA,NA
2001-05-06 12:00:00,2001,5,6,NA,NA,NA,NA
2001-05-07 12:00:00,2001,5,7,NA,NA,NA,NA
2001-05-08 12:00:00,2001,5,8,NA,NA,NA,NA
2001-05-09 12:00:00,2001,5,9,NA,NA,NA,NA
2001-05-10 12:00:00,2001,5,10,NA,NA,NA,NA
2001-05-11 12:00:00,2001,5,11,NA,NA,NA,NA
2001-05-12 12:00:00,2001,5,12,NA,NA,NA,NA
2001-05-13 12:00:00,2001,5,13,NA,NA,NA,NA
2001-05-14 12:00:00,2001,5,14,NA,NA,NA,NA
2001-05-15 12:00:00,2001,5,15,NA,NA,NA,NA
2001-05-16 12:00:00,2001,5,16,NA,NA,NA,NA
2001-05-17 12:00:00,2001,5,17,NA,NA,NA,NA
2001-05-18 12:00:00,2001,5,18,NA,NA,NA,NA
2001-05-19 12:00:00,2001,5,19,NA,NA,NA,NA
2001-05-20 12:00:00,2001,5,20,NA,NA,NA,NA
2001-05-21 12:00:00,2001,5,21,NA,NA,NA,NA
2001-05-22 12:00:00,2001,5,22,NA,NA,NA,NA
2001-05-23 12:00:00,2001,5,23,NA,NA,NA,NA
2001-05-24 12:00:00,2001,5,24,NA,NA,NA,NA
2001-05-25 12:00:00,2001,5,25,NA,NA,NA,NA
2001-05-26 12:00:00,2001,5,26,NA,NA,NA,NA
2001-05-27 12:00:00,2001,5,27,NA,NA,NA,NA
2001-05-28 12:00:00,2001,5,28,NA,NA,NA,NA
2001-05-29 12:00:00,2001,5,29,NA,NA,NA,NA
2001-05-30 12:00:00,2001,5,30,NA,NA,NA,NA
2001-05-31 12:00:00,2001,5,31,NA,NA,NA,NA
2001-06-01 12:00:00,2001,6,1,NA,NA,NA,NA
2001-06-02 12:00:00,2001,6,2,NA,NA,NA,NA
2001-06-03 12:00:00,2001,6,3,NA,NA,NA,NA
2001-06-04 12:00:00,2001,6,4,NA,NA,NA,NA
2001-06-05 12:00:00,2001,6,5,NA,NA,NA,NA
2001-06-06 12:00:00,2001,6,6,NA,NA,NA,NA
2001-06-07 12:00:00,2001,6,7,NA,NA,NA,NA
2001-06-08 12:00:00,2001,6,8,NA,NA,NA,NA
2001-06-09 12:00:00,2001,6,9,NA,NA,NA,NA
2001-06-10 12:00:00,2001,6,10,NA,NA,NA,NA
2001-06-11 12:00:00,2001,6,11,NA,NA,NA,NA
2001-06-12 12:00:00,2001,6,12,NA,NA,NA,NA
2001-06-13 12:00:00,2001,6,13,NA,NA,NA,NA
2001-06-14 12:00:00,2001,6,14,NA,NA,NA,NA
2001-06-15 12:00:00,2001,6,15,NA,NA,NA,NA
2001-06-16 12:00:00,2001,6,16,NA,NA,NA,NA
2001-06-17 12:00:00,2001,6,17,NA,NA,NA,NA
2001-06-18 12:00:00,2001,6,18,NA,NA,NA,NA
2001-06-19 12:00:00,2001,6,19,NA,NA,NA,NA
2001-06-20 12:00:00,2001,6,20,NA,NA,NA,NA
2001-06-21 12:00:00,2001,6,21,NA,NA,NA,NA
2001-06-22 12:00:00,2001,6,22,NA,NA,NA,NA
2001-06-23 12:00:00,2001,6,23,NA,NA,NA,NA
2001-06-24 12:00:00,2001,6,24,NA,NA,NA,NA
2001-06-25 12:00:00,2001,6,25,NA,NA,NA,NA
2001-06-26 12:00:00,2001,6,26,NA,NA,NA,NA
2001-06-27 12:00:00,2001,6,27,NA,NA,NA,NA
2001-06-28 12:00:00,2001,6,28,NA,NA,NA,NA
2001-06-29 12:00:00,2001,6,29,NA,NA,NA,NA
2001-06-30 12:00:00,2001,6,30,NA,NA,NA,NA
2001-07-01 12:00:00,2001,7,1,NA,NA,NA,NA
2001-07-02 12:00:00,2001,7,2,NA,NA,NA,NA
2001-07-03 12:00:00,2001,7,3,NA,NA,NA,NA
2001-07-04 12:00:00,2001,7,4,NA,NA,NA,NA
2001-07-05 12:00:00,2001,7,5,15.111,29,22.722,0
2001-07-06 12:00:00,2001,7,6,17.722,27.889,23,0
2001-07-07 12:00:00,2001,7,7,17.722,25.889,19.833,4.064
2001-07-08 12:00:00,2001,7,8,15.889,20.278,17.278,0
2001-07-09 12:00:00,2001,7,9,14.778,21.889,17.889,1.016
2001-07-10 12:00:00,2001,7,10,13.278,25.722,19.778,0
2001-07-11 12:00:00,2001,7,11,12.889,23.611,15.889,4.064
2001-07-12 12:00:00,2001,7,12,11.611,20.111,15.278,0.762
2001-07-13 12:00:00,2001,7,13,11.389,18.889,15.444,0
2001-07-14 12:00:00,2001,7,14,13.111,21.111,15.889,4.064
2001-07-15 12:00:00,2001,7,15,11.389,21.111,15.222,0
2001-07-16 12:00:00,2001,7,16,11.889,18.389,14.444,0
2001-07-17 12:00:00,2001,7,17,11.611,21,16.611,0
2001-07-18 12:00:00,2001,7,18,14.611,19.722,16.944,0
2001-07-19 12:00:00,2001,7,19,14.778,18.778,16.056,1.524
2001-07-20 12:00:00,2001,7,20,NA,NA,NA,NA
2001-07-21 12:00:00,2001,7,21,NA,NA,NA,NA
2001-07-22 12:00:00,2001,7,22,NA,NA,NA,NA
2001-07-23 12:00:00,2001,7,23,18,26,20.389,0
2001-07-24 12:00:00,2001,7,24,15.722,27.111,21.167,2.54
2001-07-25 12:00:00,2001,7,25,15,27.389,21.556,0
2001-07-26 12:00:00,2001,7,26,15,27.889,22.056,0
2001-07-27 12:00:00,2001,7,27,14.778,30.5,23.389,0
2001-07-28 12:00:00,2001,7,28,17.389,29.778,23.222,0
2001-07-29 12:00:00,2001,7,29,17,26.778,21.444,0
2001-07-30 12:00:00,2001,7,30,15.111,29.611,21.611,0
2001-07-31 12:00:00,2001,7,31,18.722,29.389,23.556,0
2001-08-01 12:00:00,2001,8,1,14.5,24.222,19,0
2001-08-02 12:00:00,2001,8,2,12.5,28.722,21.944,0
2001-08-03 12:00:00,2001,8,3,16.111,26.778,20.611,0
2001-08-04 12:00:00,2001,8,4,14.5,26.778,16.667,0.762
2001-08-05 12:00:00,2001,8,5,14,20.889,16.556,2.794
2001-08-06 12:00:00,2001,8,6,14.5,20,17.333,4.064
2001-08-07 12:00:00,2001,8,7,16.278,20.778,18.278,0
2001-08-08 12:00:00,2001,8,8,14.111,20.111,16.833,0
2001-08-09 12:00:00,2001,8,9,13,20.778,16.333,0
2001-08-10 12:00:00,2001,8,10,11.611,18.278,13.778,1.016
2001-08-11 12:00:00,2001,8,11,9.778,21,15.611,0.508
2001-08-12 12:00:00,2001,8,12,14.111,23.611,18.389,0
2001-08-13 12:00:00,2001,8,13,17.222,25.778,21,0
2001-08-14 12:00:00,2001,8,14,16.778,31.222,24,0
2001-08-15 12:00:00,2001,8,15,17.389,34,25.722,0
2001-08-16 12:00:00,2001,8,16,15.778,30.278,21.389,0
2001-08-17 12:00:00,2001,8,17,11.611,24.722,18.833,0
2001-08-18 12:00:00,2001,8,18,16.389,27.5,21.944,0
2001-08-19 12:00:00,2001,8,19,17.111,25.222,20.5,0
2001-08-20 12:00:00,2001,8,20,17,23.278,19.944,0
2001-08-21 12:00:00,2001,8,21,NA,NA,NA,NA
2001-08-22 12:00:00,2001,8,22,15.111,27.778,22.611,0
2001-08-23 12:00:00,2001,8,23,15.111,29,22.722,0
2001-08-24 12:00:00,2001,8,24,17.389,31.222,24.389,0
2001-08-25 12:00:00,2001,8,25,17,32.5,24.611,0
2001-08-26 12:00:00,2001,8,26,17.278,33.611,26,0
2001-08-27 12:00:00,2001,8,27,12.722,28.889,18.833,0
2001-08-28 12:00:00,2001,8,28,8.5,21,14.722,0
2001-08-29 12:00:00,2001,8,29,7.889,22.889,15.722,0
2001-08-30 12:00:00,2001,8,30,9.278,21.222,15.889,0
2001-08-31 12:00:00,2001,8,31,12.5,19,14.778,1.016
2001-09-01 12:00:00,2001,9,1,11,18.5,14.444,0
2001-09-02 12:00:00,2001,9,2,8.889,19.778,14.611,0
2001-09-03 12:00:00,2001,9,3,13.111,17.111,15.222,0
2001-09-04 12:00:00,2001,9,4,11.722,16,13.444,0
2001-09-05 12:00:00,2001,9,5,10.111,14.778,12.444,6.096
2001-09-06 12:00:00,2001,9,6,10.111,14.111,12.056,0
2001-09-07 12:00:00,2001,9,7,11.889,14.5,13,0
2001-09-08 12:00:00,2001,9,8,9.111,15.778,13.5,6.096
2001-09-09 12:00:00,2001,9,9,8.222,13.611,10.278,0
2001-09-10 12:00:00,2001,9,10,9,14.778,11.667,1.016
2001-09-11 12:00:00,2001,9,11,9.611,14.722,12.111,0
2001-09-12 12:00:00,2001,9,12,11.611,14.889,13.111,5.08
2001-09-13 12:00:00,2001,9,13,9.889,16.722,13.222,2.032
2001-09-14 12:00:00,2001,9,14,9.278,14.889,11.722,7.874
2001-09-15 12:00:00,2001,9,15,9.278,14.611,12,0
2001-09-16 12:00:00,2001,9,16,8.278,13.889,9.833,0
2001-09-17 12:00:00,2001,9,17,7.389,12.889,9.889,2.032
2001-09-18 12:00:00,2001,9,18,4.889,14.722,9.944,0.254
2001-09-19 12:00:00,2001,9,19,10.5,13.389,11.5,0
2001-09-20 12:00:00,2001,9,20,10.778,14.278,12.278,1.016
2001-09-21 12:00:00,2001,9,21,9.778,14.778,11.444,0
2001-09-22 12:00:00,2001,9,22,8.111,14.722,11.056,9.652
2001-09-23 12:00:00,2001,9,23,7.389,16.611,11.222,0
2001-09-24 12:00:00,2001,9,24,5.389,13.5,9.833,0.762
2001-09-25 12:00:00,2001,9,25,6.278,14.889,10.778,0
2001-09-26 12:00:00,2001,9,26,8.389,16.889,12.389,0
2001-09-27 12:00:00,2001,9,27,12.278,18.278,15,2.794
2001-09-28 12:00:00,2001,9,28,11.111,20.389,14.833,0
2001-09-29 12:00:00,2001,9,29,10.278,19.5,14.667,0
2001-09-30 12:00:00,2001,9,30,13.889,20.278,16.444,0
2001-10-01 12:00:00,2001,10,1,14.222,19.222,16.833,4.064
2001-10-02 12:00:00,2001,10,2,15.611,24.722,19.667,0.254
2001-10-03 12:00:00,2001,10,3,13.111,22.222,15,2.032
2001-10-04 12:00:00,2001,10,4,8.611,17.389,13.5,0
2001-10-05 12:00:00,2001,10,5,8.5,17.389,12.278,0
2001-10-06 12:00:00,2001,10,6,10.722,19.722,16,0
2001-10-07 12:00:00,2001,10,7,14.278,18.278,15.611,4.064
2001-10-08 12:00:00,2001,10,8,11.722,16,13.667,0
2001-10-09 12:00:00,2001,10,9,11.5,16.722,13.611,0
2001-10-10 12:00:00,2001,10,10,10.389,17.722,13.444,0
2001-10-11 12:00:00,2001,10,11,11.222,19,14.167,0
2001-10-12 12:00:00,2001,10,12,7,21.111,13.889,0
2001-10-13 12:00:00,2001,10,13,10.722,23,16.5,0
2001-10-14 12:00:00,2001,10,14,12.722,21.111,16.778,0
2001-10-15 12:00:00,2001,10,15,12.5,20.722,16.333,0.254
2001-10-16 12:00:00,2001,10,16,9.722,19.222,14.333,0
2001-10-17 12:00:00,2001,10,17,8.611,16.389,12.222,0
2001-10-18 12:00:00,2001,10,18,11.389,15.278,13.222,0
2001-10-19 12:00:00,2001,10,19,11.611,18.889,14.5,3.048
2001-10-20 12:00:00,2001,10,20,9.5,19.222,13.778,0
2001-10-21 12:00:00,2001,10,21,11.778,15.5,13.167,0
2001-10-22 12:00:00,2001,10,22,7.778,17.5,12.833,0.254
2001-10-23 12:00:00,2001,10,23,7.278,17.5,10.833,0
2001-10-24 12:00:00,2001,10,24,11.111,15.889,12.722,5.08
2001-10-25 12:00:00,2001,10,25,10.778,15.722,12.5,1.016
2001-10-26 12:00:00,2001,10,26,9.389,15.389,12.5,0
2001-10-27 12:00:00,2001,10,27,11.5,15,12.611,0
2001-10-28 12:00:00,2001,10,28,8.278,12.722,10.778,2.032
2001-10-29 12:00:00,2001,10,29,7.278,12.5,10.167,8.636
2001-10-30 12:00:00,2001,10,30,10,18.722,15,0
2001-10-31 12:00:00,2001,10,31,6.722,18.111,11.889,0
2001-11-01 12:00:00,2001,11,1,5.222,10.722,7.889,0.254
2001-11-02 12:00:00,2001,11,2,3.389,12.5,6.833,0
2001-11-03 12:00:00,2001,11,3,1.722,11.889,5.778,0
2001-11-04 12:00:00,2001,11,4,1.778,9.278,5.556,0
2001-11-05 12:00:00,2001,11,5,4,10.222,7.5,0
2001-11-06 12:00:00,2001,11,6,3.889,9.278,7.389,0.254
2001-11-07 12:00:00,2001,11,7,7,11.278,9.167,0
2001-11-08 12:00:00,2001,11,8,2.111,10.111,6.333,12.192
2001-11-09 12:00:00,2001,11,9,-0.889,5,2.167,0
2001-11-10 12:00:00,2001,11,10,-3.778,5,-0.667,0
2001-11-11 12:00:00,2001,11,11,-2.611,4.278,1.556,0
2001-11-12 12:00:00,2001,11,12,3.111,8.278,6,0
2001-11-13 12:00:00,2001,11,13,2.889,8.278,5.056,0
2001-11-14 12:00:00,2001,11,14,-1.722,6.111,2.667,0.762
2001-11-15 12:00:00,2001,11,15,-4,5.722,-0.333,0
2001-11-16 12:00:00,2001,11,16,-2,5.222,2.333,0
2001-11-17 12:00:00,2001,11,17,0.222,4.889,3,0
2001-11-18 12:00:00,2001,11,18,1.722,6.389,3.778,0
2001-11-19 12:00:00,2001,11,19,2,6.889,4.722,0
2001-11-20 12:00:00,2001,11,20,5.722,7.222,6.333,0
2001-11-21 12:00:00,2001,11,21,6.389,8.389,7.222,0.762
2001-11-22 12:00:00,2001,11,22,1.611,7.722,5.778,4.318
2001-11-23 12:00:00,2001,11,23,1.5,4.389,2.889,0
2001-11-24 12:00:00,2001,11,24,2.5,5.278,3.778,0
2001-11-25 12:00:00,2001,11,25,4.5,9.222,7.5,3.048
2001-11-26 12:00:00,2001,11,26,5.778,9.222,7.167,0
2001-11-27 12:00:00,2001,11,27,3.111,6.278,4.889,1.016
2001-11-28 12:00:00,2001,11,28,3.889,7.778,6,0
2001-11-29 12:00:00,2001,11,29,3.5,8.111,6.278,0.762
2001-11-30 12:00:00,2001,11,30,7.278,11.389,10.111,0
2001-12-01 12:00:00,2001,12,1,10.278,12.389,11.444,6.096
2001-12-02 12:00:00,2001,12,2,8.389,11.611,9.222,1.016
2001-12-03 12:00:00,2001,12,3,7.278,9.778,8.667,0
2001-12-04 12:00:00,2001,12,4,-0.111,9.389,8.111,0
2001-12-05 12:00:00,2001,12,5,-0.111,11.5,7.556,1.016
2001-12-06 12:00:00,2001,12,6,4.389,11.5,7,0.508
2001-12-07 12:00:00,2001,12,7,-0.111,6,1.889,1.778
2001-12-08 12:00:00,2001,12,8,-0.278,4.889,1.556,0
2001-12-09 12:00:00,2001,12,9,-2.222,3.111,-0.056,0
2001-12-10 12:00:00,2001,12,10,-2.778,2.889,-0.389,0
2001-12-11 12:00:00,2001,12,11,-2.222,2.611,0.611,0
2001-12-12 12:00:00,2001,12,12,-2.111,4.278,2.667,0
2001-12-13 12:00:00,2001,12,13,0.722,3.722,2,0
2001-12-14 12:00:00,2001,12,14,NA,NA,NA,NA
2001-12-15 12:00:00,2001,12,15,NA,NA,NA,NA
2001-12-16 12:00:00,2001,12,16,NA,NA,NA,NA
2001-12-17 12:00:00,2001,12,17,NA,NA,NA,NA
2001-12-18 12:00:00,2001,12,18,NA,NA,NA,NA
2001-12-19 12:00:00,2001,12,19,NA,NA,NA,NA
2001-12-20 12:00:00,2001,12,20,-2.389,1,-1.333,0
2001-12-21 12:00:00,2001,12,21,-2.389,2.5,0.833,0
2001-12-22 12:00:00,2001,12,22,NA,NA,NA,NA
2001-12-23 12:00:00,2001,12,23,NA,NA,NA,NA
2001-12-24 12:00:00,2001,12,24,NA,NA,NA,NA
2001-12-25 12:00:00,2001,12,25,NA,NA,NA,NA
2001-12-26 12:00:00,2001,12,26,NA,NA,NA,NA
2001-12-27 12:00:00,2001,12,27,NA,NA,NA,NA
2001-12-28 12:00:00,2001,12,28,NA,NA,NA,NA
2001-12-29 12:00:00,2001,12,29,NA,NA,NA,NA
2001-12-30 12:00:00,2001,12,30,NA,NA,NA,NA
2001-12-31 12:00:00,2001,12,31,NA,NA,NA,NA
2002-01-01 12:00:00,2002,1,1,NA,NA,NA,NA
2002-01-02 12:00:00,2002,1,2,-3,0.278,-1.5,0
2002-01-03 12:00:00,2002,1,3,-5.889,0.5,-3.556,0
2002-01-04 12:00:00,2002,1,4,-7.889,-2.278,-5.778,0
2002-01-05 12:00:00,2002,1,5,-8.278,-0.5,-5.667,0
2002-01-06 12:00:00,2002,1,6,-9.111,0,-4.278,0
2002-01-07 12:00:00,2002,1,7,-1.278,1.278,0.611,0
2002-01-08 12:00:00,2002,1,8,-2.278,1.611,0.111,0
2002-01-09 12:00:00,2002,1,9,-3.5,0.222,-2.389,0
2002-01-10 12:00:00,2002,1,10,-6.278,0,-3.667,0
2002-01-11 12:00:00,2002,1,11,-3.778,1.889,-0.556,0.762
2002-01-12 12:00:00,2002,1,12,-0.222,3.611,1.667,0
2002-01-13 12:00:00,2002,1,13,0.5,8.222,3.278,0
2002-01-14 12:00:00,2002,1,14,-1.222,1.889,-0.167,0
2002-01-15 12:00:00,2002,1,15,-2,0.778,-0.833,0
2002-01-16 12:00:00,2002,1,16,-2,0.611,-0.444,0.762
2002-01-17 12:00:00,2002,1,17,-2.278,3.278,1.167,0
2002-01-18 12:00:00,2002,1,18,0,4.278,2.167,0
2002-01-19 12:00:00,2002,1,19,0,7.778,4.778,0
2002-01-20 12:00:00,2002,1,20,3.889,8.5,6.5,0.762
2002-01-21 12:00:00,2002,1,21,6.778,11.5,9.5,0
2002-01-22 12:00:00,2002,1,22,5.889,9.778,7.444,0
2002-01-23 12:00:00,2002,1,23,5.889,9,7.278,0
2002-01-24 12:00:00,2002,1,24,5.889,11.278,9.278,6.858
2002-01-25 12:00:00,2002,1,25,2.611,8.889,5.444,0
2002-01-26 12:00:00,2002,1,26,5.889,11.722,10.5,0.508
2002-01-27 12:00:00,2002,1,27,9.222,13,10.444,7.62
2002-01-28 12:00:00,2002,1,28,10.111,13.889,11.889,0
2002-01-29 12:00:00,2002,1,29,6.389,13.611,9.833,3.556
2002-01-30 12:00:00,2002,1,30,9.389,12.778,11.056,0
2002-01-31 12:00:00,2002,1,31,7.611,11.778,9.444,0
2002-02-01 12:00:00,2002,2,1,7.611,12,10.222,0
2002-02-02 12:00:00,2002,2,2,10.111,16.5,13.111,0
2002-02-03 12:00:00,2002,2,3,6.5,15.889,11.5,0
2002-02-04 12:00:00,2002,2,4,6.278,13.889,9.722,0
2002-02-05 12:00:00,2002,2,5,9.778,12.611,11.278,0
2002-02-06 12:00:00,2002,2,6,5.111,10.778,7.833,1.016
2002-02-07 12:00:00,2002,2,7,4.722,8.5,6.444,0
2002-02-08 12:00:00,2002,2,8,4.389,10.389,7.944,5.08
2002-02-09 12:00:00,2002,2,9,7.278,12.111,10.556,0.762
2002-02-10 12:00:00,2002,2,10,3,10,7.056,0
2002-02-11 12:00:00,2002,2,11,6.722,12.278,10.667,0.508
2002-02-12 12:00:00,2002,2,12,7.778,13.778,11.667,1.016
2002-02-13 12:00:00,2002,2,13,5.111,11.722,6.444,0
2002-02-14 12:00:00,2002,2,14,-0.778,6.222,3.611,11.684
2002-02-15 12:00:00,2002,2,15,-4.222,8.611,1.556,0
2002-02-16 12:00:00,2002,2,16,-3.5,9.389,1.944,0
2002-02-17 12:00:00,2002,2,17,-1,8.889,3.556,0
2002-02-18 12:00:00,2002,2,18,1.5,4.889,3.167,0
2002-02-19 12:00:00,2002,2,19,1.778,7.389,4,5.842
2002-02-20 12:00:00,2002,2,20,3.278,8.611,5.722,9.906
2002-02-21 12:00:00,2002,2,21,0.5,5,2.056,10.922
2002-02-22 12:00:00,2002,2,22,0.611,8.5,4.778,0.762
2002-02-23 12:00:00,2002,2,23,0.389,8.389,3.611,12.954
2002-02-24 12:00:00,2002,2,24,0.278,4.278,2.444,7.112
2002-02-25 12:00:00,2002,2,25,2.111,10.889,7.778,0
2002-02-26 12:00:00,2002,2,26,7.611,13.611,11.167,4.826
2002-02-27 12:00:00,2002,2,27,4.278,11,7.222,6.35
2002-02-28 12:00:00,2002,2,28,3.722,8.278,6,0
2002-03-01 12:00:00,2002,3,1,1.389,8.111,4.611,0
2002-03-02 12:00:00,2002,3,2,-2.611,4.889,0.444,0
2002-03-03 12:00:00,2002,3,3,-0.722,6.278,3.444,0
2002-03-04 12:00:00,2002,3,4,3,8.722,5.667,0
2002-03-05 12:00:00,2002,3,5,0,10.889,5.444,0
2002-03-06 12:00:00,2002,3,6,3.278,9.889,6.722,0
2002-03-07 12:00:00,2002,3,7,5.778,11.778,9.444,0.254
2002-03-08 12:00:00,2002,3,8,3,13.111,7.944,0
2002-03-09 12:00:00,2002,3,9,5.778,11.111,8,0
2002-03-10 12:00:00,2002,3,10,2.889,11,7.222,0
2002-03-11 12:00:00,2002,3,11,3.111,16.389,8.167,0
2002-03-12 12:00:00,2002,3,12,7.389,15.278,11.167,0
2002-03-13 12:00:00,2002,3,13,2,13.111,8.444,0
2002-03-14 12:00:00,2002,3,14,0.389,5.722,2.056,0
2002-03-15 12:00:00,2002,3,15,0.722,10,5.889,0
2002-03-16 12:00:00,2002,3,16,5.722,16.111,9.611,0
2002-03-17 12:00:00,2002,3,17,8,16.722,11.944,0
2002-03-18 12:00:00,2002,3,18,9.611,15,11.944,0
2002-03-19 12:00:00,2002,3,19,7.222,11.722,9.056,1.524
2002-03-20 12:00:00,2002,3,20,7.5,13.5,10.222,3.048
2002-03-21 12:00:00,2002,3,21,8.722,13.889,11.389,14.478
2002-03-22 12:00:00,2002,3,22,3.222,11.722,7.667,0
2002-03-23 12:00:00,2002,3,23,2.111,8,5.222,11.176
2002-03-24 12:00:00,2002,3,24,-0.278,7.722,3.611,0
2002-03-25 12:00:00,2002,3,25,-2.778,8.111,2.444,0
2002-03-26 12:00:00,2002,3,26,-1.611,8.889,3.556,0
2002-03-27 12:00:00,2002,3,27,-1.778,10.222,4.222,0
2002-03-28 12:00:00,2002,3,28,-0.611,13.889,6.667,0
2002-03-29 12:00:00,2002,3,29,1.722,15.778,8.833,0
2002-03-30 12:00:00,2002,3,30,1.611,13.889,8.167,0
2002-03-31 12:00:00,2002,3,31,4.111,16.778,10.333,0
2002-04-01 12:00:00,2002,4,1,6.722,18.889,12.222,0
2002-04-02 12:00:00,2002,4,2,6,19.222,13.278,0
2002-04-03 12:00:00,2002,4,3,7.5,19.389,13.389,0
2002-04-04 12:00:00,2002,4,4,6.389,17.778,11.778,0.254
2002-04-05 12:00:00,2002,4,5,2.778,14.611,8.611,0
2002-04-06 12:00:00,2002,4,6,0,10.722,5.333,0
2002-04-07 12:00:00,2002,4,7,-1.722,12.611,6.167,0
2002-04-08 12:00:00,2002,4,8,0.111,12.889,6.889,0
2002-04-09 12:00:00,2002,4,9,0.111,12.5,6.611,0
2002-04-10 12:00:00,2002,4,10,2.111,11.722,7,0
2002-04-11 12:00:00,2002,4,11,1.611,12.111,7.389,0
2002-04-12 12:00:00,2002,4,12,1.111,14.722,7.944,0
2002-04-13 12:00:00,2002,4,13,6.278,10.889,7.722,0
2002-04-14 12:00:00,2002,4,14,3.889,10.389,6.667,0
2002-04-15 12:00:00,2002,4,15,1,8.778,5.944,0
2002-04-16 12:00:00,2002,4,16,3.611,7.611,6,0
2002-04-17 12:00:00,2002,4,17,6.389,8.611,7.556,0
2002-04-18 12:00:00,2002,4,18,7,14.722,9.556,0
2002-04-19 12:00:00,2002,4,19,5,9.5,7.167,0
2002-04-20 12:00:00,2002,4,20,6,14.222,9.722,0
2002-04-21 12:00:00,2002,4,21,3.222,17.778,11.111,0
2002-04-22 12:00:00,2002,4,22,6,17.889,12.722,0
2002-04-23 12:00:00,2002,4,23,10.778,17.278,13.833,0
2002-04-24 12:00:00,2002,4,24,10.5,18.222,13.889,0
2002-04-25 12:00:00,2002,4,25,10.889,19.389,14.611,0
2002-04-26 12:00:00,2002,4,26,7.111,14.5,9.722,0
2002-04-27 12:00:00,2002,4,27,5.389,11.889,7.722,6.604
2002-04-28 12:00:00,2002,4,28,6.722,11.611,9.667,0
2002-04-29 12:00:00,2002,4,29,6.278,12.222,9.167,0
2002-04-30 12:00:00,2002,4,30,7,15.778,11.889,2.54
2002-05-01 12:00:00,2002,5,1,10.722,16,13.056,0
2002-05-02 12:00:00,2002,5,2,7.5,13.722,10.722,0
2002-05-03 12:00:00,2002,5,3,6.722,10.389,8.722,0
2002-05-04 12:00:00,2002,5,4,6.278,8.611,7.667,0
2002-05-05 12:00:00,2002,5,5,4.778,8.611,6.333,0
2002-05-06 12:00:00,2002,5,6,3.111,12.222,8.5,0
2002-05-07 12:00:00,2002,5,7,3.889,19.889,12.444,0
2002-05-08 12:00:00,2002,5,8,8.722,22.222,15.333,0
2002-05-09 12:00:00,2002,5,9,10.722,25.222,17.111,0
2002-05-10 12:00:00,2002,5,10,13.5,23.611,16,0
2002-05-11 12:00:00,2002,5,11,12.389,17.889,14.889,0
2002-05-12 12:00:00,2002,5,12,10.5,16,12.556,0
2002-05-13 12:00:00,2002,5,13,8.5,20.5,15,0
2002-05-14 12:00:00,2002,5,14,11.5,18.778,13.556,0
2002-05-15 12:00:00,2002,5,15,9.889,19.278,14.722,0
2002-05-16 12:00:00,2002,5,16,9.389,25.222,18.056,0
2002-05-17 12:00:00,2002,5,17,11.889,26.611,19.778,0.762
2002-05-18 12:00:00,2002,5,18,12.222,24.222,15.556,0
2002-05-19 12:00:00,2002,5,19,10.389,19.5,15.167,0
2002-05-20 12:00:00,2002,5,20,11.611,22,17.5,0
2002-05-21 12:00:00,2002,5,21,11.778,23.778,18.444,0
2002-05-22 12:00:00,2002,5,22,15.278,22.222,18.5,0
2002-05-23 12:00:00,2002,5,23,12.222,15.5,13.667,3.048
2002-05-24 12:00:00,2002,5,24,9.778,18.111,14.222,0
2002-05-25 12:00:00,2002,5,25,10.5,17.611,13.167,0
2002-05-26 12:00:00,2002,5,26,10,17.389,13.833,0.762
2002-05-27 12:00:00,2002,5,27,9.111,18.611,13.444,0
2002-05-28 12:00:00,2002,5,28,9.611,19.5,15.056,0
2002-05-29 12:00:00,2002,5,29,11.111,16.5,13.944,0
2002-05-30 12:00:00,2002,5,30,8.611,17.5,13.667,0.762
2002-05-31 12:00:00,2002,5,31,9.5,19.111,14.722,0
2002-06-01 12:00:00,2002,6,1,6.889,21.278,14.833,0
2002-06-02 12:00:00,2002,6,2,9.278,23,17.056,0
2002-06-03 12:00:00,2002,6,3,12.611,23.889,17.833,0
2002-06-04 12:00:00,2002,6,4,14.611,24.889,18.722,0.508
2002-06-05 12:00:00,2002,6,5,14.722,23.889,18.056,0
2002-06-06 12:00:00,2002,6,6,13.778,22.222,17.167,10.414
2002-06-07 12:00:00,2002,6,7,13.389,19.111,15.611,0
2002-06-08 12:00:00,2002,6,8,12.611,20.111,15.944,0
2002-06-09 12:00:00,2002,6,9,12.778,20.722,16.5,0
2002-06-10 12:00:00,2002,6,10,10.889,16.5,13.722,2.032
2002-06-11 12:00:00,2002,6,11,10.722,17.5,14.111,1.016
2002-06-12 12:00:00,2002,6,12,11.722,19.222,15.833,3.556
2002-06-13 12:00:00,2002,6,13,13.278,16.889,14.833,3.048
2002-06-14 12:00:00,2002,6,14,14.389,24.222,20.5,0.508
2002-06-15 12:00:00,2002,6,15,16,22.778,19,5.08
2002-06-16 12:00:00,2002,6,16,13.611,25.722,19.389,0
2002-06-17 12:00:00,2002,6,17,15.278,31.722,23.778,0.762
2002-06-18 12:00:00,2002,6,18,20.222,32.111,25.556,0
2002-06-19 12:00:00,2002,6,19,16.889,22.611,19.222,0
2002-06-20 12:00:00,2002,6,20,NA,NA,NA,NA
2002-06-21 12:00:00,2002,6,21,16.722,22.778,19.722,0
2002-06-22 12:00:00,2002,6,22,15.389,26.111,20.556,0
2002-06-23 12:00:00,2002,6,23,14.278,21.778,17.944,0
2002-06-24 12:00:00,2002,6,24,11.111,21.389,16.556,0
2002-06-25 12:00:00,2002,6,25,8.611,23.111,16.667,0
2002-06-26 12:00:00,2002,6,26,10.111,25.611,19,0
2002-06-27 12:00:00,2002,6,27,11.111,20.778,16.167,0
2002-06-28 12:00:00,2002,6,28,8.611,16.778,12.333,0
2002-06-29 12:00:00,2002,6,29,9.222,17.278,13.667,0
2002-06-30 12:00:00,2002,6,30,9.889,22.389,16.167,0
2002-07-01 12:00:00,2002,7,1,13.222,15.611,14.111,0
2002-07-02 12:00:00,2002,7,2,11.5,16.889,14.222,0
2002-07-03 12:00:00,2002,7,3,12.5,15.611,13.833,0
2002-07-04 12:00:00,2002,7,4,12.278,17.611,14.111,0
2002-07-05 12:00:00,2002,7,5,12.222,21.611,17.389,0
2002-07-06 12:00:00,2002,7,6,13,20.278,15.889,0
2002-07-07 12:00:00,2002,7,7,14,21.889,17.611,0
2002-07-08 12:00:00,2002,7,8,13.5,28.222,21.556,0
2002-07-09 12:00:00,2002,7,9,15.389,28.889,22.056,0.508
2002-07-10 12:00:00,2002,7,10,11.278,16.222,12.833,0
2002-07-11 12:00:00,2002,7,11,10.5,18.778,15.111,0
2002-07-12 12:00:00,2002,7,12,9,22.889,17.333,0
2002-07-13 12:00:00,2002,7,13,14.889,19.778,16.833,0
2002-07-14 12:00:00,2002,7,14,15.889,18.611,17,0
2002-07-15 12:00:00,2002,7,15,16.778,23.611,19.833,0
2002-07-16 12:00:00,2002,7,16,15.611,21.389,18.778,0
2002-07-17 12:00:00,2002,7,17,14.778,17.5,16.5,0
2002-07-18 12:00:00,2002,7,18,11.278,19,15.222,0
2002-07-19 12:00:00,2002,7,19,10,19.611,14.833,0
2002-07-20 12:00:00,2002,7,20,8.5,24.611,17.611,0
2002-07-21 12:00:00,2002,7,21,13.111,19.778,15.667,0
2002-07-22 12:00:00,2002,7,22,12.778,18.722,15.5,0
2002-07-23 12:00:00,2002,7,23,13.5,20.389,17.389,0
2002-07-24 12:00:00,2002,7,24,13.5,18.222,16.556,0
2002-07-25 12:00:00,2002,7,25,13.222,19.889,16.5,0
2002-07-26 12:00:00,2002,7,26,14.611,20.222,17.389,0
2002-07-27 12:00:00,2002,7,27,14.778,26.889,22,0
2002-07-28 12:00:00,2002,7,28,16.111,28.222,22.278,0
2002-07-29 12:00:00,2002,7,29,15.111,30.5,23.778,0
2002-07-30 12:00:00,2002,7,30,17.389,28.389,22.056,0
2002-07-31 12:00:00,2002,7,31,16.889,23.889,20.333,0
2002-08-01 12:00:00,2002,8,1,15.222,19.611,17.389,0
2002-08-02 12:00:00,2002,8,2,15,24.222,18.889,0
2002-08-03 12:00:00,2002,8,3,13.222,20.222,16.222,0
2002-08-04 12:00:00,2002,8,4,14.278,23.611,18.389,0
2002-08-05 12:00:00,2002,8,5,13.111,20.778,16.278,0
2002-08-06 12:00:00,2002,8,6,12.222,19.389,15.167,0
2002-08-07 12:00:00,2002,8,7,13.222,20,16.611,0
2002-08-08 12:00:00,2002,8,8,14.389,23.778,18.111,0
2002-08-09 12:00:00,2002,8,9,13.611,23.222,17.333,0
2002-08-10 12:00:00,2002,8,10,14.889,21.222,17.333,0
2002-08-11 12:00:00,2002,8,11,15.5,19,16.778,0
2002-08-12 12:00:00,2002,8,12,14.278,21.111,17.111,0
2002-08-13 12:00:00,2002,8,13,15.222,21.222,17.667,0
2002-08-14 12:00:00,2002,8,14,13.5,24.778,19.111,0
2002-08-15 12:00:00,2002,8,15,13.611,26.389,20.111,0
2002-08-16 12:00:00,2002,8,16,13.278,27.278,21.111,0
2002-08-17 12:00:00,2002,8,17,14.722,27.889,21.722,0
2002-08-18 12:00:00,2002,8,18,15.778,28.222,22.5,0
2002-08-19 12:00:00,2002,8,19,16.778,29.278,22,0
2002-08-20 12:00:00,2002,8,20,15.111,27,20.833,0
2002-08-21 12:00:00,2002,8,21,14.111,17.111,15.722,0
2002-08-22 12:00:00,2002,8,22,15.278,17.778,16.167,0
2002-08-23 12:00:00,2002,8,23,15,23.278,18.167,0
2002-08-24 12:00:00,2002,8,24,13.611,20.611,16.778,0
2002-08-25 12:00:00,2002,8,25,13.278,20.222,16.722,0
2002-08-26 12:00:00,2002,8,26,13.222,26.389,19.722,0
2002-08-27 12:00:00,2002,8,27,17.278,19.278,18.278,0
2002-08-28 12:00:00,2002,8,28,16.278,25,19.722,0
2002-08-29 12:00:00,2002,8,29,15,23.722,18.278,0
2002-08-30 12:00:00,2002,8,30,14,25.111,19.222,0
2002-08-31 12:00:00,2002,8,31,14.778,23.778,18.389,0
2002-09-01 12:00:00,2002,9,1,10.889,17.889,14.556,0
2002-09-02 12:00:00,2002,9,2,8.389,21,15.167,0
2002-09-03 12:00:00,2002,9,3,9.722,21,15.222,0
2002-09-04 12:00:00,2002,9,4,13.5,20.778,16.167,0
2002-09-05 12:00:00,2002,9,5,13.778,21.222,16.333,0
2002-09-06 12:00:00,2002,9,6,12.111,21.889,16.944,0
2002-09-07 12:00:00,2002,9,7,14.222,21.778,17.778,0
2002-09-08 12:00:00,2002,9,8,11,23.389,17.667,0
2002-09-09 12:00:00,2002,9,9,13.722,24.722,18.889,0
2002-09-10 12:00:00,2002,9,10,11.5,15.5,13.667,0
2002-09-11 12:00:00,2002,9,11,11.889,16.778,14.056,0
2002-09-12 12:00:00,2002,9,12,9.611,22.222,15.389,0
2002-09-13 12:00:00,2002,9,13,7.722,21.722,13.889,0
2002-09-14 12:00:00,2002,9,14,9,18.111,13.556,0
2002-09-15 12:00:00,2002,9,15,8.889,18.889,14.722,0
2002-09-16 12:00:00,2002,9,16,6.722,18.278,12.5,0
2002-09-17 12:00:00,2002,9,17,9.278,16,12.667,0
2002-09-18 12:00:00,2002,9,18,9.778,16.611,12.944,0
2002-09-19 12:00:00,2002,9,19,6.389,19.278,13.167,0
2002-09-20 12:00:00,2002,9,20,11,17.389,13.667,0
2002-09-21 12:00:00,2002,9,21,10.611,15.222,12.5,0
2002-09-22 12:00:00,2002,9,22,7,17,10.778,0
2002-09-23 12:00:00,2002,9,23,7.389,13.389,10,0
2002-09-24 12:00:00,2002,9,24,4.778,14.5,9.667,0
2002-09-25 12:00:00,2002,9,25,2.889,11,8.111,0
2002-09-26 12:00:00,2002,9,26,10.111,11.722,10.722,0
2002-09-27 12:00:00,2002,9,27,7.778,15.778,11.222,0
2002-09-28 12:00:00,2002,9,28,6,17.389,11.111,0
2002-09-29 12:00:00,2002,9,29,7.722,17.5,11.944,0
2002-09-30 12:00:00,2002,9,30,6.778,18.111,11.222,0
2002-10-01 12:00:00,2002,10,1,5.5,19.389,12.056,0
2002-10-02 12:00:00,2002,10,2,7.778,19.222,13.167,0
2002-10-03 12:00:00,2002,10,3,13.5,16.778,14.833,0
2002-10-04 12:00:00,2002,10,4,10.611,17.611,12.889,0
2002-10-05 12:00:00,2002,10,5,8.778,13.5,11.167,0
2002-10-06 12:00:00,2002,10,6,5.278,12.5,10.167,0
2002-10-07 12:00:00,2002,10,7,3.389,11.278,7.333,0
2002-10-08 12:00:00,2002,10,8,2.222,10.111,7,0
2002-10-09 12:00:00,2002,10,9,2,13.778,8.222,0
2002-10-10 12:00:00,2002,10,10,5.111,12.778,8.778,0
2002-10-11 12:00:00,2002,10,11,2.611,11.111,7.5,0
2002-10-12 12:00:00,2002,10,12,5.778,8,6.833,0
2002-10-13 12:00:00,2002,10,13,5.5,9.278,7.056,0
2002-10-14 12:00:00,2002,10,14,7.611,12.278,10.667,0
2002-10-15 12:00:00,2002,10,15,9.611,13.222,10.778,0
2002-10-16 12:00:00,2002,10,16,11.278,14.722,12.722,0
2002-10-17 12:00:00,2002,10,17,6.778,10.722,9.389,0
2002-10-18 12:00:00,2002,10,18,4.5,11.111,7.111,0
2002-10-19 12:00:00,2002,10,19,3.5,13.278,5.944,4.826
2002-10-20 12:00:00,2002,10,20,2.5,13.278,6,0.254
2002-10-21 12:00:00,2002,10,21,2.722,16,11.778,0
2002-10-22 12:00:00,2002,10,22,7.778,15.722,13.556,0
2002-10-23 12:00:00,2002,10,23,5.778,14.5,10.667,2.286
2002-10-24 12:00:00,2002,10,24,5,13.722,8.833,5.334
2002-10-25 12:00:00,2002,10,25,8.5,12.722,11,0.762
2002-10-26 12:00:00,2002,10,26,9,14.111,10.056,0
2002-10-27 12:00:00,2002,10,27,8.5,16.889,12,18.796
2002-10-28 12:00:00,2002,10,28,6.389,11.722,8.722,3.302
2002-10-29 12:00:00,2002,10,29,4.611,10.222,8.222,0
2002-10-30 12:00:00,2002,10,30,9.111,10.611,10.111,1.524
2002-10-31 12:00:00,2002,10,31,4.889,10.778,8.833,6.35
2002-11-01 12:00:00,2002,11,1,4.611,13.722,10.222,0
2002-11-02 12:00:00,2002,11,2,10.5,15,12.333,16.51
2002-11-03 12:00:00,2002,11,3,8.5,13.778,11.556,0
2002-11-04 12:00:00,2002,11,4,7.5,10.611,8.889,10.668
2002-11-05 12:00:00,2002,11,5,6.889,9,8.111,4.318
2002-11-06 12:00:00,2002,11,6,4.5,9.889,6.556,0
2002-11-07 12:00:00,2002,11,7,4.389,7.222,5.722,3.048
2002-11-08 12:00:00,2002,11,8,4.222,7.778,5.944,0
2002-11-09 12:00:00,2002,11,9,3.778,10.222,7.722,0
2002-11-10 12:00:00,2002,11,10,1.611,8.5,5.556,0
2002-11-11 12:00:00,2002,11,11,6.611,11.778,9.611,0
2002-11-12 12:00:00,2002,11,12,7.778,11.722,10.111,0
2002-11-13 12:00:00,2002,11,13,6.389,11.889,9.889,0
2002-11-14 12:00:00,2002,11,14,6.389,12.222,9.944,0
2002-11-15 12:00:00,2002,11,15,5.5,10,7.5,0
2002-11-16 12:00:00,2002,11,16,6.722,8.778,7.833,0.508
2002-11-17 12:00:00,2002,11,17,7.5,11.278,8.722,2.54
2002-11-18 12:00:00,2002,11,18,4.5,10.222,7.389,0
2002-11-19 12:00:00,2002,11,19,4,8.278,6.389,0
2002-11-20 12:00:00,2002,11,20,4.278,9.611,6.722,0
2002-11-21 12:00:00,2002,11,21,5.222,11.111,8.667,0
2002-11-22 12:00:00,2002,11,22,6.611,11.111,8.5,0
2002-11-23 12:00:00,2002,11,23,3.389,12.111,7.222,0
2002-11-24 12:00:00,2002,11,24,5.389,10,7.556,0
2002-11-25 12:00:00,2002,11,25,5.222,9.5,7.722,3.048
2002-11-26 12:00:00,2002,11,26,4.111,9.611,8.167,0
2002-11-27 12:00:00,2002,11,27,0.778,9.889,4,0
2002-11-28 12:00:00,2002,11,28,5.5,11.389,9.167,0
2002-11-29 12:00:00,2002,11,29,5.611,10.5,8,3.302
2002-11-30 12:00:00,2002,11,30,5.611,7.889,7.222,0
2002-12-01 12:00:00,2002,12,1,5.611,8.278,6.778,0
2002-12-02 12:00:00,2002,12,2,5.389,7.611,6.389,0
2002-12-03 12:00:00,2002,12,3,4.889,8.778,6.167,0
2002-12-04 12:00:00,2002,12,4,3.722,8.222,5.611,0
2002-12-05 12:00:00,2002,12,5,3.722,6.278,4.944,0
2002-12-06 12:00:00,2002,12,6,0.5,5.889,2.278,0
2002-12-07 12:00:00,2002,12,7,-1.278,1.778,0.722,0
2002-12-08 12:00:00,2002,12,8,-2.389,2.5,-0.889,0
2002-12-09 12:00:00,2002,12,9,-6.778,-1,-4.556,0
2002-12-10 12:00:00,2002,12,10,-7.611,-1.611,-4.833,0
2002-12-11 12:00:00,2002,12,11,-8.778,-1.778,-5.167,0
2002-12-12 12:00:00,2002,12,12,-5.111,-0.778,-3.667,0
2002-12-13 12:00:00,2002,12,13,-4.5,2.222,-0.222,0
2002-12-14 12:00:00,2002,12,14,0.889,3.111,1.722,0
2002-12-15 12:00:00,2002,12,15,1.222,4.778,2.111,0
2002-12-16 12:00:00,2002,12,16,1.722,7.278,6.389,0
2002-12-17 12:00:00,2002,12,17,0,6.5,1.333,0.508
2002-12-18 12:00:00,2002,12,18,-1.389,2.278,0.167,0.254
2002-12-19 12:00:00,2002,12,19,-1.722,2,-0.222,0
2002-12-20 12:00:00,2002,12,20,-2.389,3.389,0.611,0
2002-12-21 12:00:00,2002,12,21,2.611,4.111,3.444,0.254
2002-12-22 12:00:00,2002,12,22,3.722,10.778,7.611,1.27
2002-12-23 12:00:00,2002,12,23,5,10.278,6.444,0
2002-12-24 12:00:00,2002,12,24,6.222,12.389,9.944,0
2002-12-25 12:00:00,2002,12,25,8.778,12.111,9.556,0
2002-12-26 12:00:00,2002,12,26,7.278,10.5,8.944,0
2002-12-27 12:00:00,2002,12,27,9.389,11.722,10.889,0
2002-12-28 12:00:00,2002,12,28,7.222,11.722,9,1.27
2002-12-29 12:00:00,2002,12,29,5.889,11.778,7.556,0
2002-12-30 12:00:00,2002,12,30,7.611,13.111,11.556,0
2002-12-31 12:00:00,2002,12,31,-0.889,11,1.667,0
2003-01-01 12:00:00,2003,1,1,-1.111,9.389,4,0
2003-01-02 12:00:00,2003,1,2,7.5,13,10.111,6.096
2003-01-03 12:00:00,2003,1,3,5.722,10.611,7.5,9.398
2003-01-04 12:00:00,2003,1,4,-1.5,6.611,0.056,0
2003-01-05 12:00:00,2003,1,5,-3.722,-1,-2.222,0
2003-01-06 12:00:00,2003,1,6,-4.722,-1.222,-2.5,0
2003-01-07 12:00:00,2003,1,7,-10.278,-3.111,-5.667,0
2003-01-08 12:00:00,2003,1,8,-12.611,-4.278,-9.778,0
2003-01-09 12:00:00,2003,1,9,-12,-3.389,-8.5,0
2003-01-10 12:00:00,2003,1,10,-7.889,-3.222,-5.167,0
2003-01-11 12:00:00,2003,1,11,-7.5,0.111,-4,0
2003-01-12 12:00:00,2003,1,12,-8.778,-1.5,-4.611,0
2003-01-13 12:00:00,2003,1,13,-3.611,5.778,2.056,0.508
2003-01-14 12:00:00,2003,1,14,4.722,7.278,5.611,15.494
2003-01-15 12:00:00,2003,1,15,3.111,5.722,4.389,0.254
2003-01-16 12:00:00,2003,1,16,2,6.889,4.389,2.54
2003-01-17 12:00:00,2003,1,17,-1,5,1.667,0
2003-01-18 12:00:00,2003,1,18,-0.5,5,2.556,0
2003-01-19 12:00:00,2003,1,19,1.111,6.778,4.278,0
2003-01-20 12:00:00,2003,1,20,6.111,8.5,7.556,0
2003-01-21 12:00:00,2003,1,21,5.5,8.278,7.056,1.016
2003-01-22 12:00:00,2003,1,22,5.111,8.278,7.111,0.762
2003-01-23 12:00:00,2003,1,23,3.5,6.389,5.722,0
2003-01-24 12:00:00,2003,1,24,-1.278,6,1.778,0.762
2003-01-25 12:00:00,2003,1,25,-2.111,5.111,1.5,0
2003-01-26 12:00:00,2003,1,26,1.778,5.722,3.944,1.778
2003-01-27 12:00:00,2003,1,27,3.5,9.278,7.833,9.652
2003-01-28 12:00:00,2003,1,28,0.611,9.278,5.222,6.096
2003-01-29 12:00:00,2003,1,29,0.611,4.889,2.667,3.81
2003-01-30 12:00:00,2003,1,30,-2.222,2.722,0,4.826
2003-01-31 12:00:00,2003,1,31,-6.389,-0.611,-4.111,2.54
2003-02-01 12:00:00,2003,2,1,-6,-1.111,-3.111,0
2003-02-02 12:00:00,2003,2,2,-3.611,3.722,1.556,1.778
2003-02-03 12:00:00,2003,2,3,1.111,3.611,2.167,6.35
2003-02-04 12:00:00,2003,2,4,-0.278,2.278,0.667,5.334
2003-02-05 12:00:00,2003,2,5,0.222,2.5,1.444,2.794
2003-02-06 12:00:00,2003,2,6,-0.722,2.278,0.444,3.302
2003-02-07 12:00:00,2003,2,7,-0.722,2.889,1.389,0
2003-02-08 12:00:00,2003,2,8,0.611,4.889,3.556,0.254
2003-02-09 12:00:00,2003,2,9,-1.222,4.278,2.611,0.762
2003-02-10 12:00:00,2003,2,10,-3.222,2.611,-0.889,0
2003-02-11 12:00:00,2003,2,11,-3.389,1.111,-1.611,0
2003-02-12 12:00:00,2003,2,12,-6.222,-2.111,-3.722,0
2003-02-13 12:00:00,2003,2,13,-6.778,3.389,-2.556,0
2003-02-14 12:00:00,2003,2,14,-6.778,4.111,-2,0
2003-02-15 12:00:00,2003,2,15,-6.778,2.778,-2.167,0
2003-02-16 12:00:00,2003,2,16,-3.389,1.278,-1.111,0
2003-02-17 12:00:00,2003,2,17,-7.111,1.889,-2.833,0
2003-02-18 12:00:00,2003,2,18,-8,4.5,-2,0
2003-02-19 12:00:00,2003,2,19,-5.5,5.111,-0.556,0
2003-02-20 12:00:00,2003,2,20,-3.778,7.278,1.389,0
2003-02-21 12:00:00,2003,2,21,-3.389,8.5,2.5,0
2003-02-22 12:00:00,2003,2,22,-1.778,8.222,2,0
2003-02-23 12:00:00,2003,2,23,-0.278,10.722,3.944,0
2003-02-24 12:00:00,2003,2,24,0.278,12.389,5.056,0
2003-02-25 12:00:00,2003,2,25,-1.5,10.5,3.778,0
2003-02-26 12:00:00,2003,2,26,-0.222,6.889,4.056,0
2003-02-27 12:00:00,2003,2,27,2.5,16,8.5,0
2003-02-28 12:00:00,2003,2,28,6.778,13.778,9.389,0
2003-03-01 12:00:00,2003,3,1,7.222,11,8.556,3.302
2003-03-02 12:00:00,2003,3,2,6,10.222,8.056,6.604
2003-03-03 12:00:00,2003,3,3,1.778,7.5,4.722,0
2003-03-04 12:00:00,2003,3,4,-0.222,10.222,5.389,0
2003-03-05 12:00:00,2003,3,5,6.5,14.389,9.889,0
2003-03-06 12:00:00,2003,3,6,4.222,10.778,7.389,0
2003-03-07 12:00:00,2003,3,7,1.5,10.278,5.889,17.526
2003-03-08 12:00:00,2003,3,8,5,11.111,7.889,0
2003-03-09 12:00:00,2003,3,9,7.389,15.889,10.556,0
2003-03-10 12:00:00,2003,3,10,7.722,14.611,11,0
2003-03-11 12:00:00,2003,3,11,8.5,14.278,11.5,0.508
2003-03-12 12:00:00,2003,3,12,5.889,13,7.556,4.572
2003-03-13 12:00:00,2003,3,13,2.111,10,5.611,0
2003-03-14 12:00:00,2003,3,14,-1.889,10.889,4,0
2003-03-15 12:00:00,2003,3,15,-0.5,10.278,4.667,0
2003-03-16 12:00:00,2003,3,16,-0.611,12.889,5.333,0
2003-03-17 12:00:00,2003,3,17,-0.5,11.5,4.278,0
2003-03-18 12:00:00,2003,3,18,-1.778,13,6.111,0
2003-03-19 12:00:00,2003,3,19,-0.611,12.889,5.222,0
2003-03-20 12:00:00,2003,3,20,-0.722,8.722,3.111,2.794
2003-03-21 12:00:00,2003,3,21,-1.111,9.722,3.722,0
2003-03-22 12:00:00,2003,3,22,-1.222,12.5,5.056,0
2003-03-23 12:00:00,2003,3,23,1.222,16.5,8.333,0
2003-03-24 12:00:00,2003,3,24,2.389,20,11.944,0
2003-03-25 12:00:00,2003,3,25,9.111,16.222,12.056,0
2003-03-26 12:00:00,2003,3,26,6.222,16.5,10.944,0
2003-03-27 12:00:00,2003,3,27,5.222,18.222,11.389,2.286
2003-03-28 12:00:00,2003,3,28,5,20,12.833,0.254
2003-03-29 12:00:00,2003,3,29,10.889,17.722,13.556,0
2003-03-30 12:00:00,2003,3,30,7.722,16.5,12.167,0
2003-03-31 12:00:00,2003,3,31,3,13.722,7.556,0
2003-04-01 12:00:00,2003,4,1,1.778,17.722,9.278,0
2003-04-02 12:00:00,2003,4,2,2.889,14,5.056,4.826
2003-04-03 12:00:00,2003,4,3,2.111,7.278,4.222,6.35
2003-04-04 12:00:00,2003,4,4,-1.111,10.389,5.389,0.762
2003-04-05 12:00:00,2003,4,5,4.778,10.222,7.278,0
2003-04-06 12:00:00,2003,4,6,0.389,8.111,4.444,0
2003-04-07 12:00:00,2003,4,7,-2.889,5.889,1.5,0
2003-04-08 12:00:00,2003,4,8,-5,6.611,1.056,0
2003-04-09 12:00:00,2003,4,9,-4.722,7,1.389,0
2003-04-10 12:00:00,2003,4,10,-0.5,4.111,1.111,0
2003-04-11 12:00:00,2003,4,11,-0.611,9.222,4.111,1.016
2003-04-12 12:00:00,2003,4,12,-0.222,14.889,8.167,0
2003-04-13 12:00:00,2003,4,13,2.222,17.778,11,0
2003-04-14 12:00:00,2003,4,14,7.778,20.278,13.333,0
2003-04-15 12:00:00,2003,4,15,7.889,23.611,16.222,0
2003-04-16 12:00:00,2003,4,16,8.778,23,16.278,0
2003-04-17 12:00:00,2003,4,17,8,21.611,14.5,0
2003-04-18 12:00:00,2003,4,18,5,18.222,11.5,0
2003-04-19 12:00:00,2003,4,19,2.222,12.778,5.5,0
2003-04-20 12:00:00,2003,4,20,0.222,17.5,9,0
2003-04-21 12:00:00,2003,4,21,6.389,23.111,14.778,0
2003-04-22 12:00:00,2003,4,22,10,16.889,12.222,0
2003-04-23 12:00:00,2003,4,23,5.889,18.722,12.556,0
2003-04-24 12:00:00,2003,4,24,5.222,22.111,14.5,0
2003-04-25 12:00:00,2003,4,25,11.5,23.222,18.556,0
2003-04-26 12:00:00,2003,4,26,10.5,19.778,13.889,1.27
2003-04-27 12:00:00,2003,4,27,9.389,14.611,11.278,12.192
2003-04-28 12:00:00,2003,4,28,10.722,21,15.778,4.826
2003-04-29 12:00:00,2003,4,29,12.5,20.222,15.556,2.54
2003-04-30 12:00:00,2003,4,30,8.611,16.778,12.667,0.508
2003-05-01 12:00:00,2003,5,1,8.611,16.611,12.056,17.272
2003-05-02 12:00:00,2003,5,2,7.5,19.889,13.722,0.508
2003-05-03 12:00:00,2003,5,3,9.611,17,12.722,9.906
2003-05-04 12:00:00,2003,5,4,5.611,23.389,16.167,0
2003-05-05 12:00:00,2003,5,5,11.222,25.5,18.833,0
2003-05-06 12:00:00,2003,5,6,10.889,24,13,0
2003-05-07 12:00:00,2003,5,7,8.5,20.889,14,0
2003-05-08 12:00:00,2003,5,8,8.778,23,15.944,0
2003-05-09 12:00:00,2003,5,9,11.389,19.5,13.111,0.254
2003-05-10 12:00:00,2003,5,10,7.5,18.222,12.556,2.794
2003-05-11 12:00:00,2003,5,11,5.278,21.222,14.167,0
2003-05-12 12:00:00,2003,5,12,10.111,19.5,13.778,0
2003-05-13 12:00:00,2003,5,13,4.889,14.889,9.222,1.778
2003-05-14 12:00:00,2003,5,14,4.778,12.722,8.278,1.016
2003-05-15 12:00:00,2003,5,15,4.778,14.5,8.5,1.778
2003-05-16 12:00:00,2003,5,16,2.778,17.611,10.778,2.54
2003-05-17 12:00:00,2003,5,17,9.111,16.389,12.722,0
2003-05-18 12:00:00,2003,5,18,12,18.611,14.333,4.318
2003-05-19 12:00:00,2003,5,19,9.389,13.611,11.944,12.954
2003-05-20 12:00:00,2003,5,20,8.111,15.5,11.444,11.684
2003-05-21 12:00:00,2003,5,21,8.389,15.222,10.722,7.62
2003-05-22 12:00:00,2003,5,22,10,16,13,13.716
2003-05-23 12:00:00,2003,5,23,13.611,20.778,16.556,5.588
2003-05-24 12:00:00,2003,5,24,12.722,20.389,15.944,0
2003-05-25 12:00:00,2003,5,25,10.389,17.111,13.944,5.334
2003-05-26 12:00:00,2003,5,26,8.111,20.222,14.667,0
2003-05-27 12:00:00,2003,5,27,12.5,20.278,17.111,0
2003-05-28 12:00:00,2003,5,28,14.111,22.5,18.667,0
2003-05-29 12:00:00,2003,5,29,9.889,25.5,19.389,0
2003-05-30 12:00:00,2003,5,30,13.5,27.722,20.778,0
2003-05-31 12:00:00,2003,5,31,14.611,26.389,20.111,0
2003-06-01 12:00:00,2003,6,1,13.611,26.5,19.444,3.302
2003-06-02 12:00:00,2003,6,2,16.389,27.111,21.5,0
2003-06-03 12:00:00,2003,6,3,15.278,27.389,21.389,1.778
2003-06-04 12:00:00,2003,6,4,17.722,28.722,23.611,0.508
2003-06-05 12:00:00,2003,6,5,13.778,26.778,19,0
2003-06-06 12:00:00,2003,6,6,12.278,25.222,19.167,0.762
2003-06-07 12:00:00,2003,6,7,14.111,27.5,21.889,0
2003-06-08 12:00:00,2003,6,8,13.389,28.611,20.111,0
2003-06-09 12:00:00,2003,6,9,9.722,21.722,16.278,17.018
2003-06-10 12:00:00,2003,6,10,13.278,27.389,19.889,0
2003-06-11 12:00:00,2003,6,11,15.611,24.611,20.389,19.304
2003-06-12 12:00:00,2003,6,12,13.278,26.111,20.111,0
2003-06-13 12:00:00,2003,6,13,13.889,24.389,19.222,0
2003-06-14 12:00:00,2003,6,14,10.889,23.611,16.722,0
2003-06-15 12:00:00,2003,6,15,11.389,24.222,18.222,5.08
2003-06-16 12:00:00,2003,6,16,10.778,24.278,18.444,0
2003-06-17 12:00:00,2003,6,17,11.278,27.111,20,0
2003-06-18 12:00:00,2003,6,18,14.778,24.5,18.056,22.86
2003-06-19 12:00:00,2003,6,19,16.389,21,18.333,2.286
2003-06-20 12:00:00,2003,6,20,9.722,20.278,16.889,0.508
2003-06-21 12:00:00,2003,6,21,8,20.5,14.444,0
2003-06-22 12:00:00,2003,6,22,9.611,26.778,19.444,0
2003-06-23 12:00:00,2003,6,23,16.389,30.111,21.444,3.302
2003-06-24 12:00:00,2003,6,24,14.611,23.278,18.556,0
2003-06-25 12:00:00,2003,6,25,10.222,24.278,17.667,0
2003-06-26 12:00:00,2003,6,26,11,25.722,19.333,0
2003-06-27 12:00:00,2003,6,27,14,26.722,20,0
2003-06-28 12:00:00,2003,6,28,15.5,24,19.389,0.762
2003-06-29 12:00:00,2003,6,29,12.611,26.389,19.944,0
2003-06-30 12:00:00,2003,6,30,13.889,22.889,18.389,0
2003-07-01 12:00:00,2003,7,1,13.889,22.111,16.667,5.08
2003-07-02 12:00:00,2003,7,2,13.889,20.611,16.333,5.588
2003-07-03 12:00:00,2003,7,3,13.5,19.278,15.667,1.27
2003-07-04 12:00:00,2003,7,4,12.889,18.111,15,6.096
2003-07-05 12:00:00,2003,7,5,13.722,16,14.778,1.778
2003-07-06 12:00:00,2003,7,6,11.611,22,16.222,1.016
2003-07-07 12:00:00,2003,7,7,11.111,23.611,17.833,0
2003-07-08 12:00:00,2003,7,8,12.222,25.5,18.611,0
2003-07-09 12:00:00,2003,7,9,13.778,21.722,17.833,0
2003-07-10 12:00:00,2003,7,10,10.611,25.722,18.5,0
2003-07-11 12:00:00,2003,7,11,12.722,28.111,21,0
2003-07-12 12:00:00,2003,7,12,11.5,24.278,16.944,0
2003-07-13 12:00:00,2003,7,13,9.889,26,18.944,0
2003-07-14 12:00:00,2003,7,14,13.278,26.722,20.333,0
2003-07-15 12:00:00,2003,7,15,13.611,29.889,23.167,0
2003-07-16 12:00:00,2003,7,16,18.278,34.222,25.944,0
2003-07-17 12:00:00,2003,7,17,16,29.778,19.444,0
2003-07-18 12:00:00,2003,7,18,16,26.611,21.167,0
2003-07-19 12:00:00,2003,7,19,13.722,29.889,23.444,0
2003-07-20 12:00:00,2003,7,20,18.611,33.611,24.667,0
2003-07-21 12:00:00,2003,7,21,16.222,27.389,20.778,0.508
2003-07-22 12:00:00,2003,7,22,17.389,26.278,21.444,1.778
2003-07-23 12:00:00,2003,7,23,15.611,26.111,20.556,0
2003-07-24 12:00:00,2003,7,24,14.889,24.5,18.111,0
2003-07-25 12:00:00,2003,7,25,13.722,25.389,19.944,0
2003-07-26 12:00:00,2003,7,26,16.889,23.778,19.556,1.524
2003-07-27 12:00:00,2003,7,27,17.5,25.278,20.556,0
2003-07-28 12:00:00,2003,7,28,13,23.278,18.667,0.508
2003-07-29 12:00:00,2003,7,29,10.222,25.111,19.111,0
2003-07-30 12:00:00,2003,7,30,15.722,23.278,18.222,0
2003-07-31 12:00:00,2003,7,31,15.778,25.611,19.722,6.604
2003-08-01 12:00:00,2003,8,1,14,28.222,21.722,0
2003-08-02 12:00:00,2003,8,2,16.111,30.222,23.444,0
2003-08-03 12:00:00,2003,8,3,17.222,30.5,23.944,0
2003-08-04 12:00:00,2003,8,4,16.889,31.778,24.556,0
2003-08-05 12:00:00,2003,8,5,16.778,31.778,24.5,0
2003-08-06 12:00:00,2003,8,6,16.389,33.278,25.5,0
2003-08-07 12:00:00,2003,8,7,18.778,36.611,28.056,0
2003-08-08 12:00:00,2003,8,8,24.722,36.111,30.944,0
2003-08-09 12:00:00,2003,8,9,19.278,33.111,25.722,0
2003-08-10 12:00:00,2003,8,10,16.278,31.889,23.944,0
2003-08-11 12:00:00,2003,8,11,16.111,34,24.889,0
2003-08-12 12:00:00,2003,8,12,18.222,36.111,27.222,0
2003-08-13 12:00:00,2003,8,13,20.278,30.222,24.833,0
2003-08-14 12:00:00,2003,8,14,14.722,23.5,20.167,0
2003-08-15 12:00:00,2003,8,15,11.278,24,18.222,0
2003-08-16 12:00:00,2003,8,16,9.222,24.222,17.833,0
2003-08-17 12:00:00,2003,8,17,11.889,25.611,19.5,0
2003-08-18 12:00:00,2003,8,18,16.5,21.111,18.167,0
2003-08-19 12:00:00,2003,8,19,14.889,22.889,18.556,0
2003-08-20 12:00:00,2003,8,20,12,23.111,16.889,0
2003-08-21 12:00:00,2003,8,21,10.389,24.5,17.889,0
2003-08-22 12:00:00,2003,8,22,13.889,22.722,18.444,0
2003-08-23 12:00:00,2003,8,23,15.389,24.389,19.722,0
2003-08-24 12:00:00,2003,8,24,11.278,21.5,16.056,0
2003-08-25 12:00:00,2003,8,25,10,22.722,16.667,0
2003-08-26 12:00:00,2003,8,26,9.722,25.611,17.5,0
2003-08-27 12:00:00,2003,8,27,13.389,14.778,14.056,0
2003-08-28 12:00:00,2003,8,28,NA,NA,NA,NA
2003-08-29 12:00:00,2003,8,29,NA,NA,NA,NA
2003-08-30 12:00:00,2003,8,30,NA,NA,NA,NA
2003-08-31 12:00:00,2003,8,31,NA,NA,NA,NA
2003-09-01 12:00:00,2003,9,1,NA,NA,NA,NA
2003-09-02 12:00:00,2003,9,2,NA,NA,NA,NA
2003-09-03 12:00:00,2003,9,3,9.222,20.111,15.611,0
2003-09-04 12:00:00,2003,9,4,6.278,21.778,14.556,0
2003-09-05 12:00:00,2003,9,5,10.722,24.611,17.944,0
2003-09-06 12:00:00,2003,9,6,15.111,23.611,17.944,0
2003-09-07 12:00:00,2003,9,7,14,20.5,16.722,0
2003-09-08 12:00:00,2003,9,8,10.278,18.222,14.167,0
2003-09-09 12:00:00,2003,9,9,9.111,19.778,13.111,0
2003-09-10 12:00:00,2003,9,10,11.389,16,13.222,0
2003-09-11 12:00:00,2003,9,11,10.611,16.722,13.667,0
2003-09-12 12:00:00,2003,9,12,12.389,20,15.333,0
2003-09-13 12:00:00,2003,9,13,9,18.611,14.222,0
2003-09-14 12:00:00,2003,9,14,6.722,21.278,13.944,0
2003-09-15 12:00:00,2003,9,15,9,22,15.333,0
2003-09-16 12:00:00,2003,9,16,10.5,23.111,16.056,0
2003-09-17 12:00:00,2003,9,17,8.722,24.778,17.111,0
2003-09-18 12:00:00,2003,9,18,10.222,27.611,19.444,0
2003-09-19 12:00:00,2003,9,19,13.389,29.722,21.278,0
2003-09-20 12:00:00,2003,9,20,14.111,29.389,21.889,0
2003-09-21 12:00:00,2003,9,21,17.611,27.278,22.778,0
2003-09-22 12:00:00,2003,9,22,12.778,27.889,19.889,0
2003-09-23 12:00:00,2003,9,23,6.389,18,11.278,0
2003-09-24 12:00:00,2003,9,24,4.278,14.278,8.778,0
2003-09-25 12:00:00,2003,9,25,4.111,17.5,11.111,0
2003-09-26 12:00:00,2003,9,26,9.611,20.889,14.722,0
2003-09-27 12:00:00,2003,9,27,11.278,15.722,13.389,0
2003-09-28 12:00:00,2003,9,28,10.5,17.5,13,0
2003-09-29 12:00:00,2003,9,29,7.278,13.889,11.278,0
2003-09-30 12:00:00,2003,9,30,4.5,17.111,10.556,0
2003-10-01 12:00:00,2003,10,1,7.278,13.5,10.444,0
2003-10-02 12:00:00,2003,10,2,12.278,16.889,14.111,0
2003-10-03 12:00:00,2003,10,3,12.722,19.778,15.556,0
2003-10-04 12:00:00,2003,10,4,7.389,14.389,11.056,0
2003-10-05 12:00:00,2003,10,5,6.222,11.778,8.167,0
2003-10-06 12:00:00,2003,10,6,4.389,10.111,7.5,0
2003-10-07 12:00:00,2003,10,7,6.111,10.222,7.833,0
2003-10-08 12:00:00,2003,10,8,7,11.778,9.111,0
2003-10-09 12:00:00,2003,10,9,8.889,13.5,11.611,0
2003-10-10 12:00:00,2003,10,10,11.611,14.778,13.389,0
2003-10-11 12:00:00,2003,10,11,9,14.611,11.833,0
2003-10-12 12:00:00,2003,10,12,4.111,14.278,8.611,0
2003-10-13 12:00:00,2003,10,13,2.278,11.722,6.667,0
2003-10-14 12:00:00,2003,10,14,3.889,12.611,7.944,0
2003-10-15 12:00:00,2003,10,15,2.389,12.722,8.111,0
2003-10-16 12:00:00,2003,10,16,0.778,12.5,5.722,0
2003-10-17 12:00:00,2003,10,17,0,12.611,5.389,0
2003-10-18 12:00:00,2003,10,18,-0.278,14,5.333,0
2003-10-19 12:00:00,2003,10,19,-1.111,10.889,4.111,0
2003-10-20 12:00:00,2003,10,20,0.722,9.278,4.278,0
2003-10-21 12:00:00,2003,10,21,2.278,6.222,4.333,0
2003-10-22 12:00:00,2003,10,22,0.222,5.889,3,0
2003-10-23 12:00:00,2003,10,23,-2.5,6.389,1.611,0
2003-10-24 12:00:00,2003,10,24,-5.722,5.278,0.611,0
2003-10-25 12:00:00,2003,10,25,2.722,6.5,4.889,0
2003-10-26 12:00:00,2003,10,26,4.5,8.111,5.889,0
2003-10-27 12:00:00,2003,10,27,-0.278,7.222,3.944,0
2003-10-28 12:00:00,2003,10,28,-2.278,9.722,2.556,0
2003-10-29 12:00:00,2003,10,29,3.5,8.278,5.778,0
2003-10-30 12:00:00,2003,10,30,3.611,8.722,5.833,0
2003-10-31 12:00:00,2003,10,31,4.722,8.722,7.444,0
2003-11-01 12:00:00,2003,11,1,7.611,12.722,9.278,0
2003-11-02 12:00:00,2003,11,2,6.222,11.722,9.333,0
2003-11-03 12:00:00,2003,11,3,10.222,14.611,11.944,0
2003-11-04 12:00:00,2003,11,4,5.389,15.5,9.778,0
2003-11-05 12:00:00,2003,11,5,3.278,13.5,8.111,0
2003-11-06 12:00:00,2003,11,6,4.611,14.111,8.889,0
2003-11-07 12:00:00,2003,11,7,1.611,10,5.722,0
2003-11-08 12:00:00,2003,11,8,3.778,10.389,6.389,0
2003-11-09 12:00:00,2003,11,9,2.722,13,7.722,0
2003-11-10 12:00:00,2003,11,10,3.5,13.222,7.556,0
2003-11-11 12:00:00,2003,11,11,2.778,4.722,3.889,0
2003-11-12 12:00:00,2003,11,12,3.389,6.722,4.389,0
2003-11-13 12:00:00,2003,11,13,4.722,12.389,7.833,0
2003-11-14 12:00:00,2003,11,14,2.389,7.5,5.111,0
2003-11-15 12:00:00,2003,11,15,2.5,11.722,7.556,0
2003-11-16 12:00:00,2003,11,16,2.222,5.778,4.444,0
2003-11-17 12:00:00,2003,11,17,5.5,8.278,6.778,0
2003-11-18 12:00:00,2003,11,18,6.111,12,9.722,0
2003-11-19 12:00:00,2003,11,19,11.111,14,11.889,0
2003-11-20 12:00:00,2003,11,20,6.278,11.222,8.944,0
2003-11-21 12:00:00,2003,11,21,5.889,12.611,9,0
2003-11-22 12:00:00,2003,11,22,8.389,14.889,12.611,0
2003-11-23 12:00:00,2003,11,23,12.5,16.111,14.444,0
2003-11-24 12:00:00,2003,11,24,13,16.611,14.111,0
2003-11-25 12:00:00,2003,11,25,8.5,12.778,10.278,0
2003-11-26 12:00:00,2003,11,26,7.778,10.778,9.833,0
2003-11-27 12:00:00,2003,11,27,5.889,8.889,7.167,0
2003-11-28 12:00:00,2003,11,28,3.278,5.889,4.611,0
2003-11-29 12:00:00,2003,11,29,0.722,7.778,4.111,0
2003-11-30 12:00:00,2003,11,30,3.611,7.611,6.333,0
2003-12-01 12:00:00,2003,12,1,7.278,11.5,8.833,0
2003-12-02 12:00:00,2003,12,2,3.5,9.889,6,0
2003-12-03 12:00:00,2003,12,3,1.889,6.778,4.056,0
2003-12-04 12:00:00,2003,12,4,1.5,4.611,2.611,0
2003-12-05 12:00:00,2003,12,5,3.278,4.722,4,0
2003-12-06 12:00:00,2003,12,6,-3,5.222,2.333,0
2003-12-07 12:00:00,2003,12,7,-5.389,2.611,-2.389,0
2003-12-08 12:00:00,2003,12,8,-3.778,3.222,-1.444,0
2003-12-09 12:00:00,2003,12,9,-3.611,6.111,0.444,0
2003-12-10 12:00:00,2003,12,10,-4.278,4.278,-0.278,0
2003-12-11 12:00:00,2003,12,11,-1.5,4.111,1.056,0
2003-12-12 12:00:00,2003,12,12,3.778,7,5.611,0
2003-12-13 12:00:00,2003,12,13,7.278,12.278,10.611,0
2003-12-14 12:00:00,2003,12,14,4.889,10.278,6.778,0
2003-12-15 12:00:00,2003,12,15,1.389,3.611,2.444,0
2003-12-16 12:00:00,2003,12,16,2,4.389,3.556,0
2003-12-17 12:00:00,2003,12,17,2.5,6.111,4.056,0
2003-12-18 12:00:00,2003,12,18,0,6.722,2.389,0
2003-12-19 12:00:00,2003,12,19,0.722,6.778,4.722,0
2003-12-20 12:00:00,2003,12,20,7,10.222,8.722,0
2003-12-21 12:00:00,2003,12,21,4.111,9.889,5.556,0
2003-12-22 12:00:00,2003,12,22,-2.389,3,0.389,0
2003-12-23 12:00:00,2003,12,23,-1.5,1.278,0.111,0
2003-12-24 12:00:00,2003,12,24,1.222,3.278,2.222,0
2003-12-25 12:00:00,2003,12,25,3.389,5.611,4.556,0
2003-12-26 12:00:00,2003,12,26,4.611,6.889,5.722,0
2003-12-27 12:00:00,2003,12,27,4.889,8.5,6.5,0
2003-12-28 12:00:00,2003,12,28,2.278,9.389,6.111,0
2003-12-29 12:00:00,2003,12,29,-0.722,4.778,2.222,0
2003-12-30 12:00:00,2003,12,30,-2.889,3.722,-0.833,0
2003-12-31 12:00:00,2003,12,31,-4,0.778,-1.944,0
2004-01-01 12:00:00,2004,1,1,-3.778,0,-1.389,0
2004-01-02 12:00:00,2004,1,2,-6.611,0.278,-2.278,0
2004-01-03 12:00:00,2004,1,3,-8.111,-1.889,-4.611,0
2004-01-04 12:00:00,2004,1,4,-4.5,2.222,-1.167,0
2004-01-05 12:00:00,2004,1,5,1.611,3.389,2.333,0
2004-01-06 12:00:00,2004,1,6,1.778,5.889,3.833,0
2004-01-07 12:00:00,2004,1,7,3.278,7.722,5.222,0
2004-01-08 12:00:00,2004,1,8,3.5,4.722,3.889,0
2004-01-09 12:00:00,2004,1,9,3.889,7.5,5.167,0
2004-01-10 12:00:00,2004,1,10,4.222,6.889,5.167,0
2004-01-11 12:00:00,2004,1,11,5.778,11,8.889,0
2004-01-12 12:00:00,2004,1,12,3.222,5.889,4.778,0
2004-01-13 12:00:00,2004,1,13,5.389,9.5,7.111,0
2004-01-14 12:00:00,2004,1,14,3.611,7.278,5.556,0
2004-01-15 12:00:00,2004,1,15,1.278,5.111,3.389,0
2004-01-16 12:00:00,2004,1,16,4.389,8.889,5.833,0
2004-01-17 12:00:00,2004,1,17,3.389,6.111,4.778,0
2004-01-18 12:00:00,2004,1,18,-2.111,3.222,1.167,0
2004-01-19 12:00:00,2004,1,19,-1.5,5.722,1.5,0
2004-01-20 12:00:00,2004,1,20,0,7.722,3.667,0
2004-01-21 12:00:00,2004,1,21,-3.722,1.222,-0.722,0
2004-01-22 12:00:00,2004,1,22,-4.722,0.889,-1.667,0
2004-01-23 12:00:00,2004,1,23,-1.611,3.722,0.389,0
2004-01-24 12:00:00,2004,1,24,-1.278,2.222,0.111,0
2004-01-25 12:00:00,2004,1,25,0.778,4.111,2.278,0
2004-01-26 12:00:00,2004,1,26,-0.778,1.5,0.444,0
2004-01-27 12:00:00,2004,1,27,-2.278,-0.5,-1.222,0
2004-01-28 12:00:00,2004,1,28,-0.722,1,0.278,0
2004-01-29 12:00:00,2004,1,29,-3.222,0.889,-0.556,0
2004-01-30 12:00:00,2004,1,30,-0.5,1.778,0.778,0
2004-01-31 12:00:00,2004,1,31,1.278,11.222,6.333,0
2004-02-01 12:00:00,2004,2,1,7.278,12,10.222,0
2004-02-02 12:00:00,2004,2,2,9.111,11.889,11.167,0
2004-02-03 12:00:00,2004,2,3,9.5,14.778,11.889,0
2004-02-04 12:00:00,2004,2,4,11.722,14.389,13.444,0
2004-02-05 12:00:00,2004,2,5,11.222,14.111,13.222,0
2004-02-06 12:00:00,2004,2,6,10.111,14.889,13.056,0
2004-02-07 12:00:00,2004,2,7,4.778,9.889,7.833,0
2004-02-08 12:00:00,2004,2,8,0.889,4.889,2.889,0
2004-02-09 12:00:00,2004,2,9,0.722,3.611,2,0
2004-02-10 12:00:00,2004,2,10,0.278,3.778,2.278,0
2004-02-11 12:00:00,2004,2,11,1.889,7.611,5.611,0
2004-02-12 12:00:00,2004,2,12,-0.222,5.222,2.722,0
2004-02-13 12:00:00,2004,2,13,3.889,7,5.611,0
2004-02-14 12:00:00,2004,2,14,5.111,7.5,6.111,0
2004-02-15 12:00:00,2004,2,15,3.611,6.278,5,0
2004-02-16 12:00:00,2004,2,16,-1.111,4.5,2.056,0
2004-02-17 12:00:00,2004,2,17,0,3.278,1.667,0
2004-02-18 12:00:00,2004,2,18,0.389,6.5,3.556,0
2004-02-19 12:00:00,2004,2,19,-1,2.389,0.389,0
2004-02-20 12:00:00,2004,2,20,-4.222,4.889,0.778,0
2004-02-21 12:00:00,2004,2,21,-1.722,3.778,0.944,0
2004-02-22 12:00:00,2004,2,22,-0.111,2.889,1.056,0
2004-02-23 12:00:00,2004,2,23,-3.111,2.5,-0.722,0
2004-02-24 12:00:00,2004,2,24,-4.611,3.889,-0.5,0
2004-02-25 12:00:00,2004,2,25,-0.611,2.222,0.222,0
2004-02-26 12:00:00,2004,2,26,-3.5,1.278,-1.389,0
2004-02-27 12:00:00,2004,2,27,-5.222,0.889,-1.944,0
2004-02-28 12:00:00,2004,2,28,-3.889,1.5,-1.167,0
2004-02-29 12:00:00,2004,2,29,-5.278,2.389,-2.278,0
2004-03-01 12:00:00,2004,3,1,-6.222,1.778,-1.833,0
2004-03-02 12:00:00,2004,3,2,0.722,4.722,2.556,0
2004-03-03 12:00:00,2004,3,3,-0.778,6.778,2.222,0
2004-03-04 12:00:00,2004,3,4,-2.778,9.111,3.333,0
2004-03-05 12:00:00,2004,3,5,-0.611,6.611,2.5,0
2004-03-06 12:00:00,2004,3,6,-0.889,2.111,0.611,0
2004-03-07 12:00:00,2004,3,7,0.889,5.278,2.611,0
2004-03-08 12:00:00,2004,3,8,-0.5,5.611,2.444,0
2004-03-09 12:00:00,2004,3,9,-1.5,2.611,0.667,0
2004-03-10 12:00:00,2004,3,10,-1.389,1.389,-0.111,0
2004-03-11 12:00:00,2004,3,11,-2.611,2.889,0.278,0
2004-03-12 12:00:00,2004,3,12,-0.722,6.222,3.056,0
2004-03-13 12:00:00,2004,3,13,6.778,11.889,9,0
2004-03-14 12:00:00,2004,3,14,6.111,13.222,9.833,0
2004-03-15 12:00:00,2004,3,15,9.389,13.611,11.444,0
2004-03-16 12:00:00,2004,3,16,9.389,17.5,13.167,0
2004-03-17 12:00:00,2004,3,17,6.889,22,13.056,0
2004-03-18 12:00:00,2004,3,18,8.389,20.889,13.889,0
2004-03-19 12:00:00,2004,3,19,9.389,11.778,11.167,0
2004-03-20 12:00:00,2004,3,20,7.889,14.5,11.944,0
2004-03-21 12:00:00,2004,3,21,6.5,11,8.5,0
2004-03-22 12:00:00,2004,3,22,3.778,8.778,6.167,0
2004-03-23 12:00:00,2004,3,23,1.278,8.722,4.389,0
2004-03-24 12:00:00,2004,3,24,0.5,7.889,4.111,0
2004-03-25 12:00:00,2004,3,25,-1.278,6.389,2.444,0
2004-03-26 12:00:00,2004,3,26,-2.278,4.278,1.167,0
2004-03-27 12:00:00,2004,3,27,-3.778,7,1.667,0
2004-03-28 12:00:00,2004,3,28,-1.889,11,4,0
2004-03-29 12:00:00,2004,3,29,-1.722,13.5,6.611,0
2004-03-30 12:00:00,2004,3,30,2.389,16.889,9.778,0
2004-03-31 12:00:00,2004,3,31,4.778,18.778,10.389,0
2004-04-01 12:00:00,2004,4,1,8,19.111,12.111,0
2004-04-02 12:00:00,2004,4,2,8.611,18.722,13.611,0
2004-04-03 12:00:00,2004,4,3,10.278,14.611,12.056,0
2004-04-04 12:00:00,2004,4,4,8.778,13.722,11.222,0
2004-04-05 12:00:00,2004,4,5,6,10.278,7.944,0
2004-04-06 12:00:00,2004,4,6,3.111,7.889,4.889,0
2004-04-07 12:00:00,2004,4,7,3.611,6.222,4.667,0
2004-04-08 12:00:00,2004,4,8,2.722,7.778,5.056,0
2004-04-09 12:00:00,2004,4,9,1.278,7.5,4.833,0
2004-04-10 12:00:00,2004,4,10,2.389,8.111,5.278,0
2004-04-11 12:00:00,2004,4,11,-0.389,9.778,4.333,0
2004-04-12 12:00:00,2004,4,12,-1.111,13.389,6.556,0
2004-04-13 12:00:00,2004,4,13,6.222,11.722,8.556,0
2004-04-14 12:00:00,2004,4,14,5,13.778,9.278,0
2004-04-15 12:00:00,2004,4,15,2.5,16.889,10.944,0
2004-04-16 12:00:00,2004,4,16,4.5,19.5,11.944,0
2004-04-17 12:00:00,2004,4,17,6.5,21.222,14.389,0
2004-04-18 12:00:00,2004,4,18,8.222,12.889,10.444,0
2004-04-19 12:00:00,2004,4,19,6.5,11.611,8.944,0
2004-04-20 12:00:00,2004,4,20,5.5,13.611,10.056,0
2004-04-21 12:00:00,2004,4,21,6.222,18.722,13.333,0
2004-04-22 12:00:00,2004,4,22,8.889,20.222,13.667,0
2004-04-23 12:00:00,2004,4,23,8.111,15.778,11,0
2004-04-24 12:00:00,2004,4,24,4.111,16.389,10.611,0
2004-04-25 12:00:00,2004,4,25,3.889,18.5,11.222,0
2004-04-26 12:00:00,2004,4,26,7.111,18.389,12.5,0
2004-04-27 12:00:00,2004,4,27,9.278,20.222,15.056,0
2004-04-28 12:00:00,2004,4,28,11,19.778,14.222,0
2004-04-29 12:00:00,2004,4,29,10.389,19,14.611,0
2004-04-30 12:00:00,2004,4,30,10.278,23.611,16.778,0
2004-05-01 12:00:00,2004,5,1,11.722,18,14.222,0
2004-05-02 12:00:00,2004,5,2,9.611,17.222,13.389,0
2004-05-03 12:00:00,2004,5,3,6.278,17.611,11.778,0
2004-05-04 12:00:00,2004,5,4,8.222,17.222,12.389,0
2004-05-05 12:00:00,2004,5,5,7.278,15,10.722,0
2004-05-06 12:00:00,2004,5,6,3.778,14.722,9.056,0
2004-05-07 12:00:00,2004,5,7,5.778,8.278,7.556,0
2004-05-08 12:00:00,2004,5,8,5.222,9,7.056,0
2004-05-09 12:00:00,2004,5,9,6.889,12.778,9.5,0
2004-05-10 12:00:00,2004,5,10,9.5,16.111,12,0
2004-05-11 12:00:00,2004,5,11,9.722,14.889,11.833,0
2004-05-12 12:00:00,2004,5,12,7.722,12.889,9.944,0
2004-05-13 12:00:00,2004,5,13,6.611,11.889,9.556,0
2004-05-14 12:00:00,2004,5,14,6.778,16.722,11.944,0
2004-05-15 12:00:00,2004,5,15,5.5,18.722,12.944,0
2004-05-16 12:00:00,2004,5,16,9.389,17.889,13.5,0
2004-05-17 12:00:00,2004,5,17,6.5,22.389,15.444,0
2004-05-18 12:00:00,2004,5,18,8.722,22.611,16.389,0
2004-05-19 12:00:00,2004,5,19,10.389,23.222,16.5,0
2004-05-20 12:00:00,2004,5,20,9.389,21.778,16.333,0
2004-05-21 12:00:00,2004,5,21,7.111,12.722,10.278,0
2004-05-22 12:00:00,2004,5,22,3.111,12.778,8.389,0
2004-05-23 12:00:00,2004,5,23,5.222,14.778,9.222,0
2004-05-24 12:00:00,2004,5,24,2.611,16.889,10.389,0
2004-05-25 12:00:00,2004,5,25,5.111,16.389,12.222,0
2004-05-26 12:00:00,2004,5,26,5.5,15.611,10.944,0
2004-05-27 12:00:00,2004,5,27,3.5,14.222,9.667,0
2004-05-28 12:00:00,2004,5,28,3.611,18.5,11.889,0
2004-05-29 12:00:00,2004,5,29,6.611,21.889,15.556,0
2004-05-30 12:00:00,2004,5,30,10.722,23,17.278,0
2004-05-31 12:00:00,2004,5,31,10.111,16.889,13.278,0
2004-06-01 12:00:00,2004,6,1,9.889,19.611,14.111,0
2004-06-02 12:00:00,2004,6,2,8.778,20.778,14.667,0
2004-06-03 12:00:00,2004,6,3,11.611,18.222,14,0
2004-06-04 12:00:00,2004,6,4,11.778,14.611,13,0
2004-06-05 12:00:00,2004,6,5,11,15,13,0
2004-06-06 12:00:00,2004,6,6,7.722,20.5,14.5,0
2004-06-07 12:00:00,2004,6,7,9.778,25.5,18.944,0
2004-06-08 12:00:00,2004,6,8,13.778,29.722,22.889,0
2004-06-09 12:00:00,2004,6,9,17.278,29.5,22.611,0
2004-06-10 12:00:00,2004,6,10,16.778,24.389,19.611,0
2004-06-11 12:00:00,2004,6,11,13.389,20.111,16.5,0
2004-06-12 12:00:00,2004,6,12,11.778,16.722,13.833,0
2004-06-13 12:00:00,2004,6,13,9.111,15.5,12.944,0
2004-06-14 12:00:00,2004,6,14,6.611,21.389,15.444,0
2004-06-15 12:00:00,2004,6,15,13.611,24.611,18.778,0
2004-06-16 12:00:00,2004,6,16,10.611,18.611,13.944,0
2004-06-17 12:00:00,2004,6,17,12.611,23.389,17.056,0
2004-06-18 12:00:00,2004,6,18,11.722,18.889,14.333,0
2004-06-19 12:00:00,2004,6,19,7.889,16.111,12.222,0
2004-06-20 12:00:00,2004,6,20,7.111,15.778,11.722,0
2004-06-21 12:00:00,2004,6,21,8,16.722,12.5,0
2004-06-22 12:00:00,2004,6,22,10.389,17.889,14.944,0
2004-06-23 12:00:00,2004,6,23,14.611,22,17.556,0
2004-06-24 12:00:00,2004,6,24,11,17.778,14.389,0
2004-06-25 12:00:00,2004,6,25,8.889,17.278,12.944,0
2004-06-26 12:00:00,2004,6,26,8.389,21.778,16.167,0
2004-06-27 12:00:00,2004,6,27,13.889,25.611,18.667,0
2004-06-28 12:00:00,2004,6,28,12.889,21.889,16.722,0
2004-06-29 12:00:00,2004,6,29,9.722,21.889,16.667,0
2004-06-30 12:00:00,2004,6,30,13.278,24.5,19,0
2004-07-01 12:00:00,2004,7,1,13.278,19.611,16.278,0
2004-07-02 12:00:00,2004,7,2,11.111,17.111,14.889,0
2004-07-03 12:00:00,2004,7,3,12.389,18.778,15,0
2004-07-04 12:00:00,2004,7,4,10.778,18.889,14.5,0
2004-07-05 12:00:00,2004,7,5,12.222,20.722,16.278,0
2004-07-06 12:00:00,2004,7,6,9.389,21.611,16.333,0
2004-07-07 12:00:00,2004,7,7,11.278,23.5,17.167,0
2004-07-08 12:00:00,2004,7,8,13.222,21.111,17.444,0
2004-07-09 12:00:00,2004,7,9,11.778,17.222,14.5,0
2004-07-10 12:00:00,2004,7,10,10.278,19.222,13.833,0
2004-07-11 12:00:00,2004,7,11,10.389,17.611,13.944,0
2004-07-12 12:00:00,2004,7,12,11.222,15,12.722,0
2004-07-13 12:00:00,2004,7,13,10.722,14.611,12.611,0
2004-07-14 12:00:00,2004,7,14,9.611,21.278,15.889,0
2004-07-15 12:00:00,2004,7,15,15.611,20.389,17.556,0
2004-07-16 12:00:00,2004,7,16,16,25,19.889,0
2004-07-17 12:00:00,2004,7,17,14,26.611,20.611,0
2004-07-18 12:00:00,2004,7,18,16.722,23.778,19.611,0
2004-07-19 12:00:00,2004,7,19,14.778,24.222,19.389,0
2004-07-20 12:00:00,2004,7,20,14.889,21.889,17.944,0
2004-07-21 12:00:00,2004,7,21,15,25.111,19.389,0
2004-07-22 12:00:00,2004,7,22,16.5,26.722,21.611,0
2004-07-23 12:00:00,2004,7,23,16.611,27,20.667,0
2004-07-24 12:00:00,2004,7,24,15.278,23.222,18.778,0
2004-07-25 12:00:00,2004,7,25,12.778,21.111,16.167,0
2004-07-26 12:00:00,2004,7,26,11.778,19.222,15.167,0
2004-07-27 12:00:00,2004,7,27,10,21.222,15.333,0
2004-07-28 12:00:00,2004,7,28,9.389,23.889,17.5,0
2004-07-29 12:00:00,2004,7,29,13,25.111,19.556,0
2004-07-30 12:00:00,2004,7,30,13.111,29.111,21.444,0
2004-07-31 12:00:00,2004,7,31,15.611,26.778,21.667,0
2004-08-01 12:00:00,2004,8,1,15,25.111,20.444,0
2004-08-02 12:00:00,2004,8,2,12.889,27.111,20.167,0
2004-08-03 12:00:00,2004,8,3,14.389,29.722,22.778,0
2004-08-04 12:00:00,2004,8,4,16.889,22.611,20.333,0
2004-08-05 12:00:00,2004,8,5,16.111,29.889,23.278,0
2004-08-06 12:00:00,2004,8,6,16.389,31.389,24.056,0
2004-08-07 12:00:00,2004,8,7,18.222,27.778,21.556,0
2004-08-08 12:00:00,2004,8,8,17.722,28.889,23,0
2004-08-09 12:00:00,2004,8,9,18.889,30.222,24.167,0
2004-08-10 12:00:00,2004,8,10,18.222,26.722,21.389,0
2004-08-11 12:00:00,2004,8,11,17.278,26.778,21.222,0
2004-08-12 12:00:00,2004,8,12,15.5,27.111,19.278,0
2004-08-13 12:00:00,2004,8,13,14.889,21.889,16.889,0
2004-08-14 12:00:00,2004,8,14,15.111,21.722,17.833,0
2004-08-15 12:00:00,2004,8,15,16.111,24.778,19.833,0
2004-08-16 12:00:00,2004,8,16,17,24,20.389,0
2004-08-17 12:00:00,2004,8,17,16.111,25.5,20.056,0
2004-08-18 12:00:00,2004,8,18,17.5,26.611,21.444,0
2004-08-19 12:00:00,2004,8,19,17.611,24.889,20.333,0
2004-08-20 12:00:00,2004,8,20,14.722,21.389,18.056,0
2004-08-21 12:00:00,2004,8,21,11.278,19.722,14.333,0
2004-08-22 12:00:00,2004,8,22,9.278,20,14.667,0
2004-08-23 12:00:00,2004,8,23,10.222,22.778,16.444,0
2004-08-24 12:00:00,2004,8,24,15.389,21,17.444,0
2004-08-25 12:00:00,2004,8,25,13.722,18.611,15.222,0
2004-08-26 12:00:00,2004,8,26,11.611,19,15.056,0
2004-08-27 12:00:00,2004,8,27,11.389,18.389,14.667,0
2004-08-28 12:00:00,2004,8,28,14.889,20.278,16.778,0
2004-08-29 12:00:00,2004,8,29,14,22.278,17.556,0
2004-08-30 12:00:00,2004,8,30,10.889,18.611,14.5,0
2004-08-31 12:00:00,2004,8,31,10.222,17.5,13.611,0
2004-09-01 12:00:00,2004,9,1,7.278,20,13.944,0
2004-09-02 12:00:00,2004,9,2,8.889,23.389,16.5,0
2004-09-03 12:00:00,2004,9,3,12.389,26.889,19,0
2004-09-04 12:00:00,2004,9,4,13.222,26.722,20,0
2004-09-05 12:00:00,2004,9,5,14,26.611,19.889,0
2004-09-06 12:00:00,2004,9,6,13.222,25.389,19.167,0
2004-09-07 12:00:00,2004,9,7,12.389,25.778,19.389,0
2004-09-08 12:00:00,2004,9,8,11.222,23.611,16.833,0
2004-09-09 12:00:00,2004,9,9,9.611,22.278,16,0
2004-09-10 12:00:00,2004,9,10,12.278,25,18.611,0
2004-09-11 12:00:00,2004,9,11,17.111,23.278,19.667,0
2004-09-12 12:00:00,2004,9,12,12.778,18.278,15.611,0
2004-09-13 12:00:00,2004,9,13,13.278,21.611,16.167,0
2004-09-14 12:00:00,2004,9,14,11.222,20.222,15.278,0
2004-09-15 12:00:00,2004,9,15,8.722,17.111,13.056,0
2004-09-16 12:00:00,2004,9,16,6.111,17.111,11.389,0
2004-09-17 12:00:00,2004,9,17,5.389,20,13.722,0
2004-09-18 12:00:00,2004,9,18,8.778,25,16.667,0
2004-09-19 12:00:00,2004,9,19,10.889,19.778,15.278,0
2004-09-20 12:00:00,2004,9,20,10.389,16.5,13.778,0
2004-09-21 12:00:00,2004,9,21,12.111,16.889,13.833,0
2004-09-22 12:00:00,2004,9,22,10.5,14,12.056,0
2004-09-23 12:00:00,2004,9,23,9.278,13.778,11.222,0
2004-09-24 12:00:00,2004,9,24,8.778,14.611,10.611,0
2004-09-25 12:00:00,2004,9,25,9.722,13.222,11.111,0
2004-09-26 12:00:00,2004,9,26,9.389,15.611,12.889,0
2004-09-27 12:00:00,2004,9,27,12.389,16.389,13.833,0
2004-09-28 12:00:00,2004,9,28,12.111,18.611,15.333,0
2004-09-29 12:00:00,2004,9,29,9.278,16.389,13,0
2004-09-30 12:00:00,2004,9,30,7.278,16.222,12.111,0
2004-10-01 12:00:00,2004,10,1,11.889,18.278,14.444,0
2004-10-02 12:00:00,2004,10,2,10.611,16.889,13.611,0
2004-10-03 12:00:00,2004,10,3,9.611,19.389,13.889,0
2004-10-04 12:00:00,2004,10,4,11,20.778,17.333,0
2004-10-05 12:00:00,2004,10,5,14.722,21.778,18.611,0
2004-10-06 12:00:00,2004,10,6,9.611,15.889,12.444,0
2004-10-07 12:00:00,2004,10,7,8.278,17,12.389,0
2004-10-08 12:00:00,2004,10,8,6,13.722,8.833,0
2004-10-09 12:00:00,2004,10,9,4.722,14.5,8.833,0
2004-10-10 12:00:00,2004,10,10,4.778,13.389,8.333,0
2004-10-11 12:00:00,2004,10,11,1.611,13,7.833,0
2004-10-12 12:00:00,2004,10,12,4.5,11.5,7.667,0
2004-10-13 12:00:00,2004,10,13,6.611,12.722,9.278,0
2004-10-14 12:00:00,2004,10,14,8,13.722,10.944,0
2004-10-15 12:00:00,2004,10,15,7.278,12.889,9.611,0
2004-10-16 12:00:00,2004,10,16,6.278,10.5,7.556,0
2004-10-17 12:00:00,2004,10,17,6.778,11.889,8.333,0
2004-10-18 12:00:00,2004,10,18,7.722,12.5,9.389,0
2004-10-19 12:00:00,2004,10,19,3.389,13.222,8.556,0
2004-10-20 12:00:00,2004,10,20,8.611,17.722,13.722,0
2004-10-21 12:00:00,2004,10,21,9.722,16.389,13.444,0
2004-10-22 12:00:00,2004,10,22,9.278,17.778,13,0
2004-10-23 12:00:00,2004,10,23,12.222,21.389,16.167,0
2004-10-24 12:00:00,2004,10,24,14.222,20.778,16.944,0
2004-10-25 12:00:00,2004,10,25,11.111,16.778,13.833,0
2004-10-26 12:00:00,2004,10,26,6.222,11.778,9,0
2004-10-27 12:00:00,2004,10,27,3.111,11.5,8.111,0
2004-10-28 12:00:00,2004,10,28,10.222,14.278,11.889,0
2004-10-29 12:00:00,2004,10,29,8.222,15.278,12.278,0
2004-10-30 12:00:00,2004,10,30,7.111,12.889,9.556,0
2004-10-31 12:00:00,2004,10,31,5.722,11.278,9.611,0
2004-11-01 12:00:00,2004,11,1,5.111,12.611,8.667,0
2004-11-02 12:00:00,2004,11,2,8.778,10.5,9.389,0
2004-11-03 12:00:00,2004,11,3,8.278,13.611,10.667,0
2004-11-04 12:00:00,2004,11,4,8.722,14.222,10.722,0
2004-11-05 12:00:00,2004,11,5,6.278,11.222,8.333,0
2004-11-06 12:00:00,2004,11,6,5.611,9.778,7.722,0
2004-11-07 12:00:00,2004,11,7,3,9.611,5.278,0
2004-11-08 12:00:00,2004,11,8,0.889,6.389,4.556,0
2004-11-09 12:00:00,2004,11,9,-2.278,5.278,1.389,0
2004-11-10 12:00:00,2004,11,10,-0.111,1.889,0.889,0
2004-11-11 12:00:00,2004,11,11,1,4.222,2.111,0
2004-11-12 12:00:00,2004,11,12,0,6.778,3.944,0
2004-11-13 12:00:00,2004,11,13,1.111,7.222,4.056,0
2004-11-14 12:00:00,2004,11,14,0.222,6.111,2.778,0
2004-11-15 12:00:00,2004,11,15,-0.389,5.5,2.722,0
2004-11-16 12:00:00,2004,11,16,5.5,8.389,7.167,0
2004-11-17 12:00:00,2004,11,17,7.889,12.389,10.278,0
2004-11-18 12:00:00,2004,11,18,6.222,9.889,7.722,0
2004-11-19 12:00:00,2004,11,19,0.722,7.5,2.278,0
2004-11-20 12:00:00,2004,11,20,0.222,3.111,1.167,0
2004-11-21 12:00:00,2004,11,21,-0.5,4.278,1.5,0
2004-11-22 12:00:00,2004,11,22,4.222,11.889,9.222,0
2004-11-23 12:00:00,2004,11,23,0.778,9.889,7.222,0
2004-11-24 12:00:00,2004,11,24,-1.889,3.889,0,0
2004-11-25 12:00:00,2004,11,25,-2.111,6,0.333,0
2004-11-26 12:00:00,2004,11,26,-3.222,4.778,1.944,0
2004-11-27 12:00:00,2004,11,27,5.222,8.611,7.111,0
2004-11-28 12:00:00,2004,11,28,5.778,8.5,7.444,0
2004-11-29 12:00:00,2004,11,29,4.611,8.722,5.722,0
2004-11-30 12:00:00,2004,11,30,0,7.389,4,0
2004-12-01 12:00:00,2004,12,1,-0.611,5.278,3.278,0
2004-12-02 12:00:00,2004,12,2,0.389,3.389,2.111,0
2004-12-03 12:00:00,2004,12,3,-0.278,2.722,0.944,0
2004-12-04 12:00:00,2004,12,4,-1.111,1.5,0,0
2004-12-05 12:00:00,2004,12,5,-2.778,3.389,0.667,0
2004-12-06 12:00:00,2004,12,6,3.722,6.722,4.722,0
2004-12-07 12:00:00,2004,12,7,1.722,5.5,3.889,0
2004-12-08 12:00:00,2004,12,8,0,6.5,4.056,0
2004-12-09 12:00:00,2004,12,9,-2.5,6.222,0.944,0
2004-12-10 12:00:00,2004,12,10,-3.278,6.278,0.167,0
2004-12-11 12:00:00,2004,12,11,-3.278,-2.111,-2.611,0
2004-12-12 12:00:00,2004,12,12,-4.278,-1.611,-2.889,0
2004-12-13 12:00:00,2004,12,13,-4.389,-1.778,-2.667,0
2004-12-14 12:00:00,2004,12,14,-4.722,2.111,-2.056,0
2004-12-15 12:00:00,2004,12,15,-3.611,5.889,0.111,0
2004-12-16 12:00:00,2004,12,16,-2.222,5.889,1.333,0
2004-12-17 12:00:00,2004,12,17,1.5,6.278,4.667,0
2004-12-18 12:00:00,2004,12,18,1.889,4.889,3.389,0
2004-12-19 12:00:00,2004,12,19,-3.111,2.389,0.833,0
2004-12-20 12:00:00,2004,12,20,-5.722,-0.611,-3.667,0
2004-12-21 12:00:00,2004,12,21,-7.722,0,-4.5,0
2004-12-22 12:00:00,2004,12,22,-6.389,1.389,-1.111,0
2004-12-23 12:00:00,2004,12,23,2.111,9.889,6.556,0
2004-12-24 12:00:00,2004,12,24,7.278,10.111,8.5,0
2004-12-25 12:00:00,2004,12,25,2.111,9.889,4.667,0
2004-12-26 12:00:00,2004,12,26,0.278,4.111,1.833,0
2004-12-27 12:00:00,2004,12,27,-1.5,0.278,-0.278,0
2004-12-28 12:00:00,2004,12,28,-1.722,2.278,0.222,0
2004-12-29 12:00:00,2004,12,29,1.5,3.611,2.333,0
2004-12-30 12:00:00,2004,12,30,1.611,5.111,3.778,0
2004-12-31 12:00:00,2004,12,31,5.111,9,6.944,0
